timestamp [s],position_lat [semicircles],position_long [semicircles],distance [m],enhanced_speed [m/s],enhanced_altitude [m],heart_rate [bpm]
1054048548,383162669,415204331.0,2.36,1.857,26.799999999999955,108.0
1054048549,383162885,415204129.0,4.92,2.202,26.799999999999955,108.0
1054048555,383164149,415202638.0,21.5,2.118,26.600000000000023,110.0
1054048561,383165243,415200807.0,39.22,2.697,23.799999999999955,110.0
1054048566,383165594,415198952.0,54.67,2.902,21.0,110.0
1054048571,383165233,415197317.0,68.01,2.743,19.600000000000023,113.0
1054048572,383165222,415197011.0,70.42,2.734,19.600000000000023,113.0
1054048574,383165365,415196488.0,74.76,2.519,19.399999999999977,114.0
1054048576,383165706,415196413.0,78.03,1.633,19.200000000000045,114.0
1054048579,383166249,415196099.0,83.73,1.95,19.200000000000045,113.0
1054048581,383166414,415195653.0,87.64,1.931,18.600000000000023,113.0
1054048584,383166025,415195306.0,92.53,1.717,17.600000000000023,113.0
1054048587,383165438,415195021.0,98.45,1.885,17.200000000000045,113.0
1054048589,383164797,415194982.0,104.38,3.116,17.0,112.0
1054048596,383162109,415194894.0,129.37,3.191,17.399999999999977,112.0
1054048601,383160385,415194709.0,145.48,3.2,18.0,114.0
1054048603,383159539,415194655.0,153.29,3.191,18.399999999999977,118.0
1054048604,383159181,415194668.0,156.61,3.191,18.600000000000023,121.0
1054048607,383157951,415194721.0,168.05,3.275,19.200000000000045,124.0
1054048608,383157595,415194712.0,171.36,3.387,19.399999999999977,124.0
1054048614,383155033,415194733.0,195.15,3.574,22.399999999999977,124.0
1054048621,383152301,415194621.0,220.62,3.704,24.0,126.0
1054048629,383149190,415194643.0,249.53,3.555,24.0,125.0
1054048635,383146938,415194749.0,270.49,3.471,23.600000000000023,128.0
1054048638,383145679,415194787.0,282.2,3.471,23.0,129.0
1054048644,383142949,415194965.0,307.61,3.872,20.600000000000023,127.0
1054048647,383141664,415195076.0,319.58,3.938,19.600000000000023,124.0
1054048651,383139921,415195141.0,335.78,3.872,18.600000000000023,123.0
1054048657,383137068,415195233.0,362.28,4.068,17.0,123.0
1054048663,383134526,415195245.0,385.9,3.928,16.600000000000023,122.0
1054048669,383132125,415195567.0,408.22,3.508,16.0,121.0
1054048674,383130157,415195656.0,426.71,3.368,15.600000000000025,118.0
1054048675,383129802,415195452.0,430.3,3.368,15.600000000000025,118.0
1054048677,383129278,415194656.0,438.26,3.443,16.200000000000045,117.0
1054048679,383129242,415193625.0,446.42,4.003,17.200000000000045,117.0
1054048685,383128816,415190203.0,473.87,4.292,19.799999999999955,115.0
1054048687,383128634,415188917.0,484.18,5.085,19.799999999999955,114.0
1054048690,383128657,415186926.0,499.92,5.16,18.799999999999955,113.0
1054048696,383128357,415182731.0,533.25,5.402,17.0,113.0
1054048698,383128404,415181180.0,545.48,5.486,16.799999999999955,113.0
1054048700,383128189,415179589.0,558.22,5.822,16.799999999999955,114.0
1054048701,383128012,415178791.0,564.71,6.056,16.799999999999955,114.0
1054048706,383127561,415174707.0,597.27,6.168,16.799999999999955,116.0
1054048710,383127230,415171629.0,621.8,6.308,16.799999999999955,119.0
1054048712,383126983,415169952.0,635.25,6.336,16.799999999999955,120.0
1054048713,383126938,415169159.0,641.53,6.289,16.600000000000023,120.0
1054048720,383126534,415163822.0,683.86,6.074,15.200000000000044,122.0
1054048721,383126478,415163083.0,689.73,6.074,15.0,123.0
1054048727,383126167,415158481.0,726.25,5.953,14.200000000000044,120.0
1054048732,383125866,415154807.0,755.44,5.85,13.799999999999956,117.0
1054048734,383125660,415153376.0,766.91,5.85,13.799999999999956,117.0
1054048740,383125298,415149072.0,801.11,5.673,15.0,119.0
1054048747,383124737,415144361.0,838.73,5.393,15.200000000000044,116.0
1054048748,383124677,415143707.0,843.93,5.374,15.0,116.0
1054048750,383124359,415142264.0,855.69,5.346,15.0,117.0
1054048752,383124115,415141064.0,865.46,5.309,14.799999999999956,118.0
1054048753,383124041,415140347.0,871.17,5.374,14.600000000000025,118.0
1054048760,383123574,415135321.0,911.16,5.645,14.0,121.0
1054048763,383123425,415133199.0,927.99,5.654,14.200000000000044,121.0
1054048765,383123474,415131809.0,938.98,5.636,14.200000000000044,124.0
1054048767,383123562,415130451.0,949.76,5.552,14.0,127.0
1054048768,383123528,415129759.0,955.24,5.524,14.0,127.0
1054048775,383122936,415125102.0,992.49,5.346,13.600000000000025,126.0
1054048783,383122290,415119517.0,1037.06,5.346,14.600000000000025,126.0
1054048784,383122242,415119007.0,1041.12,5.346,14.799999999999956,126.0
1054048790,383121920,415115244.0,1070.99,5.085,15.600000000000025,124.0
1054048792,383121889,415113992.0,1080.9,5.001,15.799999999999956,123.0
1054048793,383121825,415113364.0,1085.9,4.899,16.200000000000045,123.0
1054048798,383121465,415110420.0,1109.4,4.824,17.799999999999955,125.0
1054048805,383121195,415106163.0,1143.18,3.686,19.799999999999955,125.0
1054048808,383120986,415104607.0,1155.63,4.059,20.200000000000045,129.0
1054048810,383120928,415103581.0,1163.7,4.059,20.200000000000045,132.0
1054048811,383120868,415103081.0,1167.69,3.938,20.200000000000045,134.0
1054048813,383120796,415102043.0,1175.93,3.938,20.0,139.0
1054048814,383120769,415101522.0,1180.05,3.938,19.600000000000023,142.0
1054048818,383120466,415099990.0,1192.44,2.202,18.799999999999955,144.0
1054048824,383119919,415097743.0,1210.96,2.995,18.399999999999977,140.0
1054048831,383119308,415094529.0,1237.1,3.555,17.799999999999955,142.0
1054048834,383119344,415093452.0,1245.7,3.275,17.399999999999977,142.0
1054048835,383119536,415093242.0,1248.11,2.865,17.200000000000045,142.0
1054048836,383119709,415093171.0,1249.78,1.689,17.200000000000045,141.0
1054048839,383120106,415093180.0,1253.43,0.84,17.0,141.0
1054048846,383120101,415093193.0,1254.48,0.0,16.399999999999977,141.0
1054048852,383120288,415092982.0,1256.89,1.549,16.0,139.0
1054048853,383120396,415092695.0,1259.24,2.463,15.799999999999956,139.0
1054048859,383120369,415090145.0,1279.37,3.126,14.799999999999956,138.0
1054048867,383119836,415086167.0,1311.26,3.742,13.799999999999956,137.0
1054048872,383119354,415083005.0,1336.69,5.029,13.799999999999956,135.0
1054048877,383118949,415079647.0,1363.52,5.02,14.600000000000025,132.0
1054048880,383118767,415077454.0,1380.95,5.263,14.600000000000025,130.0
1054048885,383118375,415073447.0,1412.86,6.597,13.799999999999956,127.0
1054048886,383118268,415072588.0,1419.72,6.821,13.600000000000025,126.0
1054048888,383118106,415070800.0,1433.95,7.054,13.200000000000044,123.0
1054048891,383117913,415068000.0,1456.16,6.942,13.0,120.0
1054048893,383117765,415066134.0,1470.98,7.119,12.799999999999956,119.0
1054048898,383117544,415061543.0,1507.38,7.25,11.399999999999975,116.0
1054048900,383117568,415059944.0,1520.03,6.065,10.600000000000025,115.0
1054048901,383117579,415059244.0,1525.53,5.944,10.399999999999975,115.0
1054048904,383117656,415057610.0,1538.47,3.891,9.600000000000025,113.0
1054048909,383117429,415055702.0,1553.61,2.594,9.399999999999975,113.0
1054048913,383117477,415055426.0,1555.81,0.0,9.199999999999989,113.0
1054048922,383117477,415055426.0,1555.81,0.0,8.399999999999977,116.0
1054048927,383117477,415055426.0,1555.81,0.0,8.199999999999989,116.0
1054048930,383117477,415055426.0,1555.81,0.0,8.199999999999989,112.0
1054048942,383117236,415054290.0,1565.09,2.585,8.199999999999989,111.0
1054048946,383116814,415053022.0,1575.82,2.426,8.0,110.0
1054048947,383116531,415052883.0,1578.61,2.585,8.0,110.0
1054048952,383114444,415052588.0,1598.18,3.975,7.600000000000023,111.0
1054048957,383112428,415051971.0,1617.59,3.928,7.199999999999989,111.0
1054048959,383111815,415051560.0,1624.09,3.928,7.199999999999989,114.0
1054048961,383111152,415051614.0,1630.18,3.536,7.0,116.0
1054048964,383109975,415051554.0,1641.1,3.527,7.199999999999989,117.0
1054048965,383109599,415051390.0,1644.82,3.527,7.199999999999989,117.0
1054048971,383106718,415050994.0,1671.8,4.208,7.399999999999977,118.0
1054048974,383105169,415050718.0,1686.36,4.404,7.399999999999977,121.0
1054048976,383104123,415050568.0,1696.16,4.759,7.399999999999977,125.0
1054048980,383102001,415050172.0,1716.15,4.843,7.600000000000023,126.0
1054048985,383099306,415049689.0,1741.49,4.955,7.800000000000011,129.0
1054048987,383098239,415049468.0,1751.56,4.955,7.600000000000023,132.0
1054048988,383097721,415049368.0,1756.43,4.955,7.600000000000023,133.0
1054048994,383094535,415048686.0,1786.55,4.889,6.800000000000011,134.0
1054048995,383094044,415048452.0,1791.45,4.88,6.800000000000011,134.0
1054048997,383093245,415047994.0,1799.67,4.796,6.800000000000011,134.0
1054048999,383092455,415047959.0,1806.94,3.695,6.800000000000011,134.0
1054049004,383090250,415047721.0,1827.76,4.199,6.600000000000023,132.0
1054049006,383089424,415047319.0,1836.01,4.189,6.399999999999977,131.0
1054049008,383088605,415047310.0,1843.63,4.189,6.600000000000023,130.0
1054049010,383087444,415047106.0,1854.61,4.852,6.800000000000011,130.0
1054049012,383086332,415046666.0,1865.52,5.3,6.800000000000011,131.0
1054049013,383085766,415046486.0,1870.94,5.337,6.800000000000011,132.0
1054049015,383084722,415046415.0,1880.69,5.216,6.800000000000011,134.0
1054049017,383083518,415046529.0,1891.86,5.225,6.600000000000023,135.0
1054049018,383082896,415046588.0,1897.55,5.225,6.399999999999977,135.0
1054049022,383080347,415046219.0,1921.37,5.374,6.199999999999989,136.0
1054049030,383075156,415045200.0,1970.36,5.766,7.800000000000011,135.0
1054049036,383071322,415044420.0,2006.51,5.953,9.600000000000025,132.0
1054049039,383069499,415044032.0,2023.74,6.018,9.800000000000011,132.0
1054049049,383062968,415042833.0,2085.21,5.99,9.199999999999989,132.0
1054049051,383061763,415042559.0,2096.59,5.953,9.199999999999989,131.0
1054049054,383059879,415042122.0,2114.45,5.822,9.199999999999989,131.0
1054049065,383053186,415040762.0,2177.58,5.748,8.199999999999989,128.0
1054049075,383046983,415039620.0,2235.93,5.804,7.0,131.0
1054049076,383046351,415039529.0,2241.84,5.757,7.0,131.0
1054049083,383041949,415039365.0,2282.75,5.72,7.199999999999989,131.0
1054049087,383039506,415039418.0,2305.46,5.72,7.399999999999977,134.0
1054049092,383036439,415039706.0,2334.06,5.692,8.399999999999977,134.0
1054049095,383034640,415039959.0,2350.88,5.626,9.199999999999989,134.0
1054049099,383032193,415040405.0,2373.9,5.645,10.0,134.0
1054049107,383027540,415041339.0,2417.77,5.58,11.399999999999975,136.0
1054049108,383027017,415041287.0,2422.62,5.561,11.600000000000025,136.0
1054049110,383026014,415041176.0,2431.97,4.563,11.800000000000011,137.0
1054049112,383025183,415041459.0,2440.0,4.301,12.0,137.0
1054049115,383024024,415042009.0,2451.61,4.563,12.399999999999975,137.0
1054049117,383022878,415042155.0,2462.32,4.563,12.200000000000044,137.0
1054049125,383018416,415042670.0,2503.97,5.123,11.199999999999989,137.0
1054049129,383016017,415043058.0,2526.49,5.617,10.399999999999975,134.0
1054049132,383014182,415043541.0,2543.94,5.701,10.0,133.0
1054049137,383011268,415044181.0,2571.49,5.729,9.399999999999975,131.0
1054049140,383009335,415044506.0,2589.64,5.682,9.399999999999975,130.0
1054049145,383006480,415045096.0,2616.58,5.44,9.600000000000025,127.0
1054049147,383005449,415045198.0,2626.2,5.374,9.600000000000025,127.0
1054049149,383004458,415045274.0,2635.42,4.759,9.800000000000011,127.0
1054049151,383003639,415045163.0,2643.03,4.031,9.800000000000011,127.0
1054049152,383003366,415044815.0,2646.71,4.031,9.800000000000011,127.0
1054049155,383003033,415043151.0,2660.26,4.516,10.0,126.0
1054049156,383002996,415042519.0,2665.26,4.516,10.399999999999975,125.0
1054049158,383002970,415041392.0,2674.17,4.516,10.800000000000011,125.0
1054049163,383002626,415038170.0,2699.86,4.759,11.199999999999989,124.0
1054049164,383002520,415037584.0,2704.6,4.759,11.199999999999989,124.0
1054049170,383001805,415033709.0,2735.97,4.983,11.0,125.0
1054049180,383001065,415026824.0,2790.86,5.402,9.199999999999989,127.0
1054049190,383000223,415019828.0,2846.77,5.524,8.199999999999989,125.0
1054049201,382999088,415012295.0,2907.3,5.496,7.199999999999989,125.0
1054049202,382998977,415011523.0,2913.49,5.496,7.0,125.0
1054049212,382998171,415004740.0,2967.71,5.346,5.800000000000011,125.0
1054049223,382997174,414997113.0,3028.76,5.58,4.199999999999989,123.0
1054049230,382997042,414992351.0,3066.52,5.384,4.199999999999989,125.0
1054049236,382996758,414988654.0,3095.89,4.908,5.0,125.0
1054049237,382996575,414988103.0,3100.57,4.852,5.199999999999989,125.0
1054049245,382995453,414983047.0,3142.01,5.169,6.399999999999977,125.0
1054049255,382994573,414975937.0,3198.85,5.533,5.399999999999977,126.0
1054049265,382993716,414969044.0,3253.98,5.552,4.399999999999977,128.0
1054049268,382993514,414967275.0,3268.08,4.964,4.199999999999989,128.0
1054049272,382993387,414965095.0,3285.38,4.619,4.399999999999977,126.0
1054049275,382993232,414963555.0,3297.65,4.273,4.600000000000023,123.0
1054049277,382992791,414962813.0,3304.78,3.424,4.600000000000023,121.0
1054049282,382991705,414961863.0,3317.37,2.594,4.600000000000023,119.0
1054049286,382990757,414960543.0,3331.03,3.835,4.600000000000023,117.0
1054049287,382990429,414960389.0,3334.32,4.078,4.600000000000023,117.0
1054049288,382989938,414960218.0,3339.07,4.572,4.399999999999977,117.0
1054049292,382987580,414959694.0,3361.37,5.3,4.0,117.0
1054049296,382985339,414959464.0,3382.32,5.123,3.8000000000000114,117.0
1054049298,382984308,414959641.0,3392.0,5.123,3.8000000000000114,118.0
1054049301,382982843,414960166.0,3406.24,4.843,3.8000000000000114,123.0
1054049303,382982085,414960714.0,3414.53,3.966,3.8000000000000114,126.0
1054049304,382981910,414961084.0,3417.7,3.35,4.0,126.0
1054049307,382982204,414962258.0,3427.14,2.948,4.199999999999989,125.0
1054049310,382981853,414962797.0,3432.55,1.959,4.399999999999977,126.0
1054049316,382980447,414963716.0,3447.49,2.837,5.0,123.0
1054049317,382980144,414963975.0,3450.97,3.163,5.199999999999989,123.0
1054049325,382977298,414965586.0,3480.36,3.695,5.399999999999977,123.0
1054049329,382975998,414966238.0,3493.51,2.93,5.0,126.0
1054049332,382975351,414966563.0,3500.04,2.006,5.0,126.0
1054049339,382974220,414967347.0,3512.34,1.717,5.199999999999989,124.0
1054049343,382972884,414967851.0,3525.37,3.555,5.199999999999989,122.0
1054049348,382970918,414968379.0,3544.16,3.592,5.0,118.0
1054049349,382970494,414968440.0,3548.12,3.77,5.0,117.0
1054049355,382967911,414969400.0,3573.49,4.003,5.0,115.0
1054049362,382964892,414971052.0,3604.46,4.581,4.0,117.0
1054049370,382960938,414973156.0,3644.82,4.74,2.1999999999999886,118.0
1054049372,382960001,414973637.0,3654.31,4.74,2.1999999999999886,118.0
1054049377,382957633,414974942.0,3678.61,4.703,2.0,119.0
1054049382,382955871,414976187.0,3697.79,4.078,1.3999999999999773,120.0
1054049388,382953783,414977409.0,3719.51,3.051,-0.3999999999999772,122.0
1054049393,382952735,414977953.0,3730.37,1.791,-0.8000000000000114,120.0
1054049395,382952515,414978157.0,3732.98,1.353,-0.6000000000000227,117.0
1054049399,382952464,414978198.0,3733.55,0.0,-0.3999999999999772,116.0
1054049415,382952464,414978198.0,3733.55,0.0,0.0,112.0
1054049419,382952464,414978198.0,3733.55,0.0,0.1999999999999886,109.0
1054049422,382952464,414978198.0,3733.55,0.0,0.1999999999999886,108.0
1054049425,382952187,414978182.0,3736.19,1.166,0.1999999999999886,106.0
1054049427,382951725,414978226.0,3740.45,2.006,0.1999999999999886,105.0
1054049431,382950807,414977422.0,3751.22,2.818,0.1999999999999886,105.0
1054049437,382950152,414974804.0,3772.83,3.779,1.1999999999999886,106.0
1054049442,382948765,414972942.0,3792.88,3.788,1.3999999999999773,108.0
1054049449,382945868,414971758.0,3821.75,4.096,2.1999999999999886,109.0
1054049454,382943560,414971872.0,3843.23,4.096,2.6000000000000227,113.0
1054049458,382941608,414972093.0,3861.44,4.404,1.8000000000000114,114.0
1054049460,382940737,414972797.0,3871.19,4.46,1.1999999999999886,115.0
1054049461,382940480,414973360.0,3876.18,4.497,1.0,115.0
1054049462,382940398,414973950.0,3880.89,4.497,0.8000000000000114,115.0
1054049465,382940512,414975648.0,3894.37,4.507,0.3999999999999772,116.0
1054049467,382940574,414976788.0,3903.4,4.479,0.6000000000000227,117.0
1054049470,382940668,414978360.0,3915.8,4.32,0.8000000000000114,116.0
1054049472,382940187,414979095.0,3923.16,4.245,1.0,116.0
1054049473,382939789,414979230.0,3926.91,4.078,1.0,116.0
1054049477,382937826,414978793.0,3945.51,4.721,0.6000000000000227,117.0
1054049478,382937250,414978709.0,3950.92,5.039,0.6000000000000227,118.0
1054049485,382933310,414978778.0,3987.56,4.992,0.3999999999999772,118.0
1054049491,382930826,414979129.0,4010.76,2.697,1.6000000000000227,120.0
1054049493,382930444,414978922.0,4014.57,1.847,2.0,124.0
1054049494,382930459,414978708.0,4016.26,1.847,2.3999999999999773,125.0
1054049500,382930500,414976471.0,4034.0,2.697,4.0,126.0
1054049505,382930452,414974289.0,4051.26,3.415,4.199999999999989,123.0
1054049508,382930490,414972734.0,4063.53,3.247,4.399999999999977,123.0
1054049519,382930392,414967306.0,4106.49,3.91,5.800000000000011,124.0
1054049524,382929529,414965145.0,4126.03,3.91,5.800000000000011,124.0
1054049529,382927988,414962683.0,4150.86,4.563,5.600000000000023,124.0
1054049534,382927769,414959729.0,4174.3,4.703,5.0,122.0
1054049543,382928009,414953786.0,4221.38,5.151,3.1999999999999886,122.0
1054049550,382927822,414949754.0,4253.33,4.367,3.0,120.0
1054049559,382927481,414944503.0,4295.0,4.507,3.1999999999999886,123.0
1054049561,382927415,414943205.0,4305.29,4.749,3.1999999999999886,125.0
1054049564,382927238,414941237.0,4320.91,5.029,3.0,128.0
1054049566,382927018,414940084.0,4330.21,5.067,3.0,128.0
1054049567,382926973,414939436.0,4335.35,5.067,3.0,128.0
1054049568,382926844,414938679.0,4341.42,5.113,2.800000000000012,128.0
1054049571,382926540,414936845.0,4356.21,5.076,2.6000000000000227,126.0
1054049577,382926541,414932823.0,4388.02,5.113,2.1999999999999886,125.0
1054049580,382926672,414930836.0,4403.81,5.207,2.3999999999999773,124.0
1054049583,382926993,414929022.0,4418.47,5.179,3.0,124.0
1054049591,382927640,414924152.0,4457.46,4.908,3.3999999999999773,124.0
1054049592,382927850,414923609.0,4462.17,4.917,3.3999999999999773,123.0
1054049595,382928727,414922141.0,4476.37,4.852,3.1999999999999886,123.0
1054049598,382929684,414921059.0,4488.72,3.62,3.1999999999999886,124.0
1054049603,382930758,414919957.0,4501.94,2.221,4.199999999999989,125.0
1054049609,382932249,414918295.0,4521.04,5.225,5.199999999999989,126.0
1054049610,382932794,414917839.0,4527.26,5.272,5.0,127.0
1054049614,382934788,414916793.0,4547.55,4.955,3.6000000000000227,129.0
1054049618,382936777,414915679.0,4568.04,5.02,2.6000000000000227,132.0
1054049619,382937247,414915396.0,4572.91,5.02,2.6000000000000227,132.0
1054049621,382938253,414914996.0,4582.78,5.02,2.3999999999999773,132.0
1054049625,382940319,414914350.0,4602.64,5.113,2.3999999999999773,130.0
1054049628,382941983,414914021.0,4618.32,5.16,2.3999999999999773,129.0
1054049631,382943912,414913864.0,4636.22,5.188,2.0,131.0
1054049633,382945004,414913893.0,4646.36,5.188,1.6000000000000227,132.0
1054049636,382946552,414914039.0,4660.77,4.787,1.1999999999999886,133.0
1054049638,382947442,414914285.0,4669.27,4.759,0.6000000000000227,134.0
1054049639,382948004,414914470.0,4674.68,4.74,0.3999999999999772,134.0
1054049644,382949906,414915258.0,4693.46,3.424,0.0,137.0
1054049645,382950262,414915466.0,4697.16,3.443,0.0,138.0
1054049652,382952889,414916704.0,4723.45,3.611,0.1999999999999886,136.0
1054049656,382954326,414917424.0,4737.96,3.63,0.0,133.0
1054049659,382955418,414917443.0,4748.19,3.536,-0.1999999999999886,131.0
1054049660,382955703,414917233.0,4751.28,3.527,-0.3999999999999772,131.0
1054049663,382956155,414916487.0,4758.5,2.071,-0.1999999999999886,131.0
1054049669,382956387,414915275.0,4768.3,1.698,1.0,131.0
1054049674,382956826,414913538.0,4782.72,2.995,2.1999999999999886,132.0
1054049680,382957587,414911625.0,4799.43,2.706,3.1999999999999886,131.0
1054049687,382958625,414909263.0,4821.21,3.051,2.0,130.0
1054049689,382959463,414909464.0,4829.23,3.695,1.3999999999999773,132.0
1054049690,382959803,414909757.0,4833.14,3.928,1.1999999999999886,134.0
1054049693,382961002,414910582.0,4846.06,4.423,0.3999999999999772,137.0
1054049696,382962276,414911057.0,4858.48,4.32,0.0,136.0
1054049701,382964672,414911692.0,4881.32,4.432,-0.6000000000000227,133.0
1054049706,382967126,414912343.0,4904.7,4.507,-1.1999999999999886,132.0
1054049712,382970146,414912953.0,4933.25,4.619,-1.6000000000000227,133.0
1054049714,382971110,414912586.0,4942.68,4.619,-1.8000000000000114,133.0
1054049716,382971748,414911929.0,4950.57,4.609,-1.8000000000000114,131.0
1054049719,382972774,414910524.0,4965.2,4.516,-1.8000000000000114,132.0
1054049720,382973097,414910140.0,4969.47,4.516,-1.6000000000000227,131.0
1054049722,382973915,414909435.0,4978.9,4.516,-1.3999999999999773,130.0
1054049724,382974777,414908921.0,4987.88,4.479,-1.1999999999999886,129.0
1054049735,382979517,414906135.0,5037.15,4.469,-0.3999999999999772,130.0
1054049740,382981684,414904931.0,5059.42,4.451,0.0,131.0
1054049747,382984097,414902610.0,5088.91,4.255,0.8000000000000114,131.0
1054049754,382986195,414899551.0,5120.44,4.32,0.3999999999999772,131.0
1054049760,382987966,414897411.0,5144.48,3.602,0.3999999999999772,132.0
1054049765,382987940,414895263.0,5161.77,3.546,0.6000000000000227,130.0
1054049771,382986532,414892784.0,5185.38,3.648,1.0,129.0
1054049777,382985216,414890356.0,5208.47,3.872,1.0,127.0
1054049779,382984680,414889705.0,5215.59,3.872,1.1999999999999886,124.0
1054049781,382984120,414888932.0,5223.61,3.872,1.3999999999999773,121.0
1054049784,382983086,414887755.0,5236.97,3.872,2.0,120.0
1054049788,382981603,414886261.0,5255.13,4.413,2.6000000000000227,117.0
1054049791,382980495,414885284.0,5268.01,4.413,2.800000000000012,120.0
1054049792,382980190,414884940.0,5271.92,4.413,2.800000000000012,120.0
1054049797,382979226,414883203.0,5288.33,3.116,3.0,121.0
1054049801,382978008,414882211.0,5302.45,3.378,2.6000000000000227,120.0
1054049807,382975779,414881198.0,5324.66,3.508,2.1999999999999886,120.0
1054049815,382973375,414880114.0,5348.59,3.07,2.800000000000012,119.0
1054049822,382971115,414879070.0,5371.12,3.088,1.6000000000000227,116.0
1054049829,382969052,414878494.0,5390.89,2.874,0.3999999999999772,114.0
1054049837,382966578,414877928.0,5414.32,2.715,0.8000000000000114,114.0
1054049840,382965613,414877927.0,5423.26,2.715,1.0,110.0
1054049843,382964428,414877799.0,5434.31,3.695,1.1999999999999886,107.0
1054049851,382961274,414877207.0,5463.99,3.695,0.8000000000000114,106.0
1054049855,382959764,414876788.0,5478.4,3.555,-0.1999999999999886,109.0
1054049857,382958929,414876290.0,5487.1,4.292,-0.8000000000000114,111.0
1054049860,382957673,414875606.0,5499.95,4.05,-1.1999999999999886,114.0
1054049866,382955203,414874268.0,5525.23,4.171,0.6000000000000227,116.0
1054049871,382953148,414873276.0,5545.86,4.161,2.0,119.0
1054049873,382952378,414872957.0,5553.46,4.05,2.3999999999999773,122.0
1054049874,382951951,414872840.0,5557.53,4.161,2.3999999999999773,122.0
1054049880,382949247,414871845.0,5583.83,4.236,2.800000000000012,121.0
1054049887,382945907,414870646.0,5616.31,4.703,3.8000000000000114,122.0
1054049891,382943754,414870020.0,5636.92,4.712,4.199999999999989,123.0
1054049894,382942214,414869885.0,5651.27,4.777,4.199999999999989,123.0
1054049895,382941734,414869774.0,5655.81,4.759,4.199999999999989,123.0
1054049902,382938344,414868966.0,5688.0,4.647,4.199999999999989,123.0
1054049903,382937834,414868970.0,5692.73,4.647,4.199999999999989,122.0
1054049904,382937329,414868906.0,5697.4,4.647,4.199999999999989,122.0
1054049908,382935237,414868297.0,5717.43,4.796,4.0,121.0
1054049917,382930203,414866953.0,5765.4,5.281,4.399999999999977,121.0
1054049922,382927454,414866178.0,5791.67,5.272,6.800000000000011,122.0
1054049924,382926484,414865710.0,5801.36,5.02,7.199999999999989,121.0
1054049926,382926187,414864676.0,5810.1,4.413,7.600000000000023,121.0
1054049927,382926216,414864058.0,5814.99,4.553,8.0,121.0
1054049928,382926234,414863492.0,5819.45,4.553,8.399999999999977,122.0
1054049930,382925777,414862626.0,5827.21,4.581,8.800000000000011,122.0
1054049931,382925400,414862255.0,5831.77,4.581,9.0,121.0
1054049933,382924997,414861254.0,5840.53,4.581,9.0,121.0
1054049935,382924432,414860237.0,5850.1,4.619,8.600000000000023,122.0
1054049936,382924032,414859857.0,5854.88,4.619,8.199999999999989,122.0
1054049937,382923527,414859495.0,5860.34,4.619,7.800000000000011,122.0
1054049940,382922213,414859013.0,5873.1,4.581,6.399999999999977,121.0
1054049945,382919842,414858429.0,5895.61,4.479,4.600000000000023,124.0
1054049947,382918847,414858326.0,5904.89,4.479,4.399999999999977,125.0
1054049952,382916287,414857733.0,5929.17,4.74,4.399999999999977,127.0
1054049954,382915198,414857356.0,5939.7,4.927,4.399999999999977,128.0
1054049957,382913611,414856643.0,5955.53,5.123,4.199999999999989,128.0
1054049959,382912619,414856191.0,5965.38,5.123,4.0,128.0
1054049960,382912150,414856182.0,5969.7,4.432,3.8000000000000114,127.0
1054049964,382910405,414856575.0,5986.18,4.078,3.0,124.0
1054049965,382909942,414856452.0,5990.58,4.432,2.6000000000000227,124.0
1054049972,382907180,414855627.0,6017.12,2.715,1.1999999999999886,124.0
1054049977,382905062,414854987.0,6037.48,5.365,1.0,124.0
1054049979,382903818,414854489.0,6049.7,5.486,1.3999999999999773,124.0
1054049981,382902688,414853949.0,6061.04,5.365,1.6000000000000227,123.0
1054049983,382901552,414853508.0,6072.16,5.43,1.8000000000000114,124.0
1054049987,382899233,414852702.0,6094.63,5.524,2.0,127.0
1054049992,382896330,414851688.0,6122.79,5.561,2.3999999999999773,127.0
1054049999,382892324,414850440.0,6161.31,5.496,4.0,129.0
1054050000,382891836,414850199.0,6166.16,5.421,4.199999999999989,129.0
1054050001,382891453,414849824.0,6170.69,4.805,4.399999999999977,129.0
1054050003,382891152,414848841.0,6178.96,4.236,4.600000000000023,130.0
1054050006,382891420,414847032.0,6193.52,5.011,4.600000000000023,130.0
1054050008,382891773,414845785.0,6203.91,4.805,4.399999999999977,131.0
1054050010,382892130,414844586.0,6213.95,4.805,4.199999999999989,132.0
1054050012,382892042,414843208.0,6224.9,5.44,4.0,133.0
1054050013,382891781,414842354.0,6232.07,6.914,4.0,131.0
1054050015,382891044,414840748.0,6246.5,7.241,3.6000000000000227,130.0
1054050017,382890277,414839762.0,6257.05,5.123,3.0,131.0
1054050019,382889689,414839301.0,6263.62,3.396,2.0,128.0
1054050021,382889316,414839070.0,6267.52,1.866,1.3999999999999773,129.0
1054050023,382888821,414838847.0,6272.45,2.911,1.0,126.0
1054050026,382887617,414838492.0,6284.0,4.199,1.0,124.0
1054050032,382884364,414837446.0,6315.35,4.992,1.3999999999999773,123.0
1054050041,382878852,414835979.0,6367.88,5.738,2.3999999999999773,124.0
1054050048,382874241,414834809.0,6411.73,6.326,2.800000000000012,127.0
1054050050,382872893,414834438.0,6424.61,6.373,2.800000000000012,128.0
1054050051,382872232,414834151.0,6431.11,6.382,2.800000000000012,128.0
1054050054,382870420,414832856.0,6450.83,6.457,2.800000000000012,129.0
1054050063,382864825,414828574.0,6512.91,6.849,3.3999999999999773,132.0
1054050065,382863569,414827613.0,6526.84,6.886,3.1999999999999886,135.0
1054050067,382862305,414826802.0,6540.22,6.886,3.1999999999999886,138.0
1054050070,382860214,414825872.0,6561.0,6.905,3.1999999999999886,140.0
1054050077,382855753,414824128.0,6604.69,6.401,3.1999999999999886,142.0
1054050081,382853188,414823447.0,6629.11,6.056,3.0,141.0
1054050083,382851903,414822992.0,6641.58,6.056,3.0,141.0
1054050092,382845706,414821933.0,6699.82,6.438,3.3999999999999773,138.0
1054050093,382845004,414821844.0,6706.37,6.438,3.6000000000000227,138.0
1054050095,382843591,414821593.0,6719.64,6.448,3.6000000000000227,137.0
1054050097,382842197,414821118.0,6733.13,6.485,3.6000000000000227,136.0
1054050103,382838078,414819534.0,6773.41,6.671,3.8000000000000114,139.0
1054050105,382836752,414819076.0,6786.26,6.653,4.0,140.0
1054050112,382831766,414818196.0,6833.15,6.522,4.399999999999977,142.0
1054050120,382826082,414816726.0,6887.27,6.83,4.0,141.0
1054050122,382824717,414816337.0,6900.32,6.643,4.0,140.0
1054050126,382821841,414816012.0,6927.18,6.615,4.0,142.0
1054050135,382815401,414815750.0,6987.07,6.69,4.0,139.0
1054050137,382813794,414815640.0,7002.03,6.718,4.0,136.0
1054050140,382811863,414815430.0,7020.05,5.72,4.199999999999989,133.0
1054050141,382811256,414815325.0,7025.75,5.72,4.199999999999989,133.0
1054050143,382810161,414814978.0,7036.29,6.149,4.199999999999989,133.0
1054050152,382804169,414812725.0,7094.77,6.28,3.1999999999999886,134.0
1054050157,382800607,414811543.0,7129.15,6.494,3.0,133.0
1054050159,382799129,414810889.0,7143.83,6.634,3.1999999999999886,132.0
1054050165,382794711,414808976.0,7187.6,7.175,3.6000000000000227,135.0
1054050167,382793263,414808416.0,7201.76,7.203,3.6000000000000227,136.0
1054050176,382787098,414806118.0,7261.87,6.755,3.1999999999999886,134.0
1054050177,382786438,414805985.0,7268.09,6.242,3.1999999999999886,133.0
1054050179,382785172,414806142.0,7279.92,6.541,3.1999999999999886,134.0
1054050182,382783432,414807127.0,7297.79,6.214,3.0,133.0
1054050183,382782783,414807259.0,7303.84,6.074,2.800000000000012,133.0
1054050184,382782154,414807234.0,7309.67,6.009,2.6000000000000227,133.0
1054050187,382780372,414806857.0,7326.52,5.85,2.6000000000000227,132.0
1054050188,382779688,414806589.0,7333.22,5.869,2.3999999999999773,133.0
1054050195,382775179,414804765.0,7377.54,6.177,3.0,135.0
1054050202,382770159,414802775.0,7426.79,6.531,4.600000000000023,135.0
1054050207,382766893,414801008.0,7460.21,6.587,5.600000000000023,134.0
1054050208,382766206,414800589.0,7467.39,6.587,5.800000000000011,134.0
1054050209,382765503,414800349.0,7474.19,6.587,5.800000000000011,134.0
1054050212,382763352,414799706.0,7494.81,6.168,6.399999999999977,135.0
1054050213,382762856,414799434.0,7499.9,5.365,6.600000000000023,135.0
1054050215,382761837,414799002.0,7509.95,5.104,6.800000000000011,136.0
1054050218,382760185,414798702.0,7525.47,5.533,7.199999999999989,136.0
1054050220,382758847,414798169.0,7538.65,5.533,7.199999999999989,137.0
1054050223,382757247,414797176.0,7555.44,5.757,7.600000000000023,138.0
1054050227,382754762,414796035.0,7580.25,6.037,8.0,137.0
1054050229,382753517,414795258.0,7593.31,6.037,8.0,137.0
1054050231,382752265,414794700.0,7605.75,6.084,7.800000000000011,137.0
1054050234,382750410,414793679.0,7624.79,6.177,7.600000000000023,138.0
1054050240,382746543,414792361.0,7662.3,6.252,8.0,136.0
1054050241,382745866,414792328.0,7668.52,6.252,8.0,136.0
1054050243,382744558,414792775.0,7681.13,6.242,7.800000000000011,137.0
1054050244,382743925,414792947.0,7687.15,6.205,7.600000000000023,137.0
1054050247,382742300,414793448.0,7702.68,4.628,6.800000000000011,135.0
1054050250,382740684,414793227.0,7717.86,5.132,6.199999999999989,134.0
1054050252,382739432,414792924.0,7729.73,5.748,6.199999999999989,134.0
1054050260,382734372,414790995.0,7779.17,6.028,6.600000000000023,134.0
1054050262,382733132,414790525.0,7791.28,6.028,6.600000000000023,137.0
1054050264,382731915,414790147.0,7802.97,6.028,6.600000000000023,140.0
1054050267,382730410,414789639.0,7817.53,4.74,6.600000000000023,142.0
1054050272,382728009,414788601.0,7841.31,4.787,6.399999999999977,139.0
1054050274,382726941,414788137.0,7851.88,4.787,6.399999999999977,138.0
1054050281,382722961,414786802.0,7890.36,5.346,8.0,136.0
1054050290,382717339,414785640.0,7943.45,5.776,10.0,135.0
1054050300,382710940,414784461.0,8003.68,6.065,9.399999999999975,137.0
1054050307,382706219,414783114.0,8048.83,6.42,8.600000000000023,136.0
1054050309,382704903,414782512.0,8061.96,6.531,8.399999999999977,135.0
1054050318,382698983.0,414779271.0,8122.71,6.849,7.800000000000011,133.0
1054050326,382692984.0,414776618.0,8182.31,7.25,7.600000000000023,132.0
1054050335,382686538.0,414774584.0,8244.37,6.83,6.199999999999989,131.0
1054050337,382685151.0,414774200.0,8257.61,6.765,5.800000000000011,131.0
1054050345,382679630.0,414772733.0,8310.2,6.615,5.0,130.0
1054050347,382678372.0,414772329.0,8322.32,6.448,4.800000000000011,130.0
1054050350,382676562.0,414771663.0,8339.95,6.037,4.0,127.0
1054050352,382675415.0,414771034.0,8351.7,5.962,3.8000000000000114,124.0
1054050353,382674818.0,414770779.0,8357.6,5.878,3.8000000000000114,123.0
1054050361,382670831.0,414768718.0,8398.11,4.423,4.399999999999977,123.0
1054050364,382669389.0,414768007.0,8412.65,4.665,4.800000000000011,120.0
1054050371,382665584.0,414766527.0,8449.85,4.992,5.399999999999977,121.0
1054050374,382663845.0,414765662.0,8467.38,5.393,6.199999999999989,124.0
1054050377,382662154.0,414764739.0,8484.68,5.486,7.399999999999977,125.0
1054050383,382658615.0,414763328.0,8519.4,5.944,8.199999999999989,128.0
1054050393,382652435.0,414760999.0,8579.75,5.962,6.800000000000011,129.0
1054050395,382651248.0,414760555.0,8591.32,5.888,6.800000000000011,130.0
1054050400,382648196.0,414759592.0,8620.67,5.86,6.600000000000023,129.0
1054050401,382647579.0,414759358.0,8626.69,5.878,6.399999999999977,129.0
1054050407,382643831.0,414758024.0,8663.11,6.018,5.0,129.0
1054050409,382642720.0,414757624.0,8673.89,6.018,4.800000000000011,129.0
1054050417,382637989.0,414755887.0,8719.98,5.766,5.199999999999989,131.0
1054050420,382636121.0,414755289.0,8737.95,5.701,5.800000000000011,130.0
1054050424,382633886.0,414754665.0,8759.26,5.533,6.399999999999977,129.0
1054050425,382633241.0,414754433.0,8765.53,5.505,6.600000000000023,129.0
1054050431,382630204.0,414753254.0,8795.26,5.085,7.199999999999989,125.0
1054050433,382629264.0,414752884.0,8804.47,5.02,7.199999999999989,124.0
1054050437,382627058.0,414752020.0,8826.09,5.02,7.399999999999977,124.0
1054050446,382622029.0,414750181.0,8875.04,5.542,8.800000000000011,126.0
1054050455,382616584.0,414748133.0,8928.16,5.72,8.800000000000011,123.0
1054050462,382612374.0,414746528.0,8969.28,5.785,9.399999999999975,123.0
1054050465,382610567.0,414745882.0,8986.86,5.794,9.600000000000025,126.0
1054050467,382609433.0,414745488.0,8997.85,5.794,9.800000000000011,126.0
1054050476,382604002.0,414743496.0,9050.74,5.72,10.600000000000025,129.0
1054050478,382602992.0,414743158.0,9060.49,5.617,10.800000000000011,129.0
1054050486,382598077.0,414741403.0,9108.22,5.72,9.399999999999975,130.0
1054050487,382597498.0,414741172.0,9113.89,5.738,9.199999999999989,130.0
1054050495,382592718.0,414739465.0,9160.33,5.748,7.199999999999989,129.0
1054050502,382588641.0,414738576.0,9198.89,5.561,6.399999999999977,130.0
1054050503,382588146.0,414738444.0,9203.6,5.561,6.399999999999977,129.0
1054050506,382586322.0,414737699.0,9221.55,5.57,6.0,132.0
1054050507,382585702.0,414737449.0,9227.64,5.598,6.0,132.0
1054050516,382580054.0,414735308.0,9282.83,6.028,4.600000000000023,135.0
1054050520,382577564.0,414734745.0,9306.41,5.841,4.199999999999989,132.0
1054050525,382574449.0,414734031.0,9335.9,5.841,3.8000000000000114,130.0
1054050535,382567984.0,414732266.0,9397.64,6.177,4.0,130.0
1054050536,382567424.0,414732049.0,9403.12,6.196,4.199999999999989,130.0
1054050546,382560846.0,414729335.0,9467.92,6.298,5.399999999999977,131.0
1054050547,382560380.0,414729144.0,9472.51,6.224,5.399999999999977,131.0
1054050551,382558122.0,414728219.0,9494.74,5.057,5.199999999999989,135.0
1054050554,382556718.0,414727768.0,9508.26,4.759,5.199999999999989,137.0
1054050559,382553812.0,414726524.0,9537.01,5.356,5.199999999999989,137.0
1054050567,382548705.0,414724520.0,9587.08,6.895,5.0,135.0
1054050569,382547186.0,414723977.0,9601.83,7.119,5.0,135.0
1054050572,382544957.0,414722800.0,9624.53,7.082,5.0,136.0
1054050579,382539523.0,414720805.0,9677.48,7.511,4.800000000000011,136.0
1054050581,382537985.0,414720195.0,9692.54,7.511,4.600000000000023,136.0
1054050584,382535742.0,414719324.0,9714.52,7.371,4.199999999999989,136.0
1054050592,382530096.0,414716854.0,9770.52,7.035,3.6000000000000227,133.0
1054050593,382529402.0,414716568.0,9777.35,7.026,3.6000000000000227,132.0
1054050598,382526175.0,414715118.0,9809.46,6.802,3.3999999999999773,131.0
1054050600,382524819.0,414714612.0,9822.68,6.643,3.3999999999999773,131.0
1054050609,382518436.0,414711981.0,9885.57,6.765,3.6000000000000227,133.0
1054050611,382517043.0,414711363.0,9899.42,6.783,3.8000000000000114,135.0
1054050616,382513974.0,414709232.0,9932.61,6.783,4.0,133.0
1054050618,382512894.0,414708567.0,9943.94,6.718,4.199999999999989,133.0
1054050620,382511459.0,414708144.0,9957.7,6.457,4.199999999999989,133.0
1054050625,382508078.0,414707261.0,9989.88,6.373,4.199999999999989,129.0
1054050627,382506662.0,414706683.0,10003.83,6.457,4.199999999999989,127.0
1054050636,382500787.0,414704458.0,10061.25,6.326,4.0,126.0
1054050637,382500143.0,414704383.0,10067.24,6.289,4.0,127.0
1054050639,382498988.0,414704658.0,10078.18,6.13,4.0,127.0
1054050640,382498373.0,414704873.0,10084.1,6.084,4.0,127.0
1054050642,382496992.0,414704773.0,10096.98,6.0,4.0,128.0
1054050644,382495941.0,414703941.0,10108.78,5.99,4.399999999999977,130.0
1054050645,382495504.0,414703418.0,10114.57,5.99,4.800000000000011,132.0
1054050649,382493891.0,414701358.0,10136.72,5.785,5.800000000000011,134.0
1054050651,382492994.0,414700580.0,10147.08,5.813,6.199999999999989,134.0
1054050652,382492372.0,414700078.0,10154.09,5.785,6.199999999999989,134.0
1054050654,382491378.0,414699559.0,10164.22,5.692,6.399999999999977,133.0
1054050655,382490638.0,414699606.0,10171.0,5.692,6.399999999999977,132.0
1054050662,382487047.0,414700927.0,10206.02,4.469,6.0,131.0
1054050664,382486180.0,414701452.0,10215.05,4.777,6.0,131.0
1054050667,382484604.0,414701843.0,10230.01,4.665,6.0,131.0
1054050671,382482670.0,414702031.0,10247.99,4.572,6.0,131.0
1054050674,382481519.0,414701914.0,10258.74,3.424,6.0,130.0
1054050678,382480859.0,414702063.0,10264.95,1.194,6.0,131.0
1054050683,382480586.0,414702053.0,10267.61,1.549,5.800000000000011,131.0
1054050688,382479908.0,414702821.0,10276.89,1.53,5.600000000000023,130.0
1054050693,382479753.0,414704782.0,10292.57,3.592,5.600000000000023,129.0
1054050695,382479575.0,414705707.0,10299.93,3.62,5.399999999999977,130.0
1054050696,382479234.0,414705935.0,10303.51,3.434,5.199999999999989,128.0
1054050697,382478806.0,414705966.0,10307.34,3.592,5.199999999999989,128.0
1054050699,382477907.0,414705659.0,10316.04,4.927,5.199999999999989,128.0
1054050706,382473790.0,414704512.0,10355.44,5.197,4.600000000000023,128.0
1054050709,382472087.0,414704261.0,10371.38,5.542,4.399999999999977,126.0
1054050713,382469374.0,414704144.0,10396.61,5.636,3.8000000000000114,128.0
1054050716,382467392.0,414703820.0,10415.21,5.934,3.1999999999999886,124.0
1054050718,382466153.0,414703640.0,10426.71,5.934,3.0,126.0
1054050719,382465595.0,414703847.0,10432.09,5.934,3.0,124.0
1054050720,382465166.0,414704282.0,10437.32,5.318,3.0,124.0
1054050722,382464981.0,414705619.0,10448.1,5.318,3.0,123.0
1054050728,382465549.0,414709989.0,10483.07,5.524,3.3999999999999773,123.0
1054050734,382466308.0,414714341.0,10518.22,5.598,4.0,127.0
1054050737,382466691.0,414716365.0,10534.6,5.654,4.0,126.0
1054050741,382466982.0,414719045.0,10555.97,5.02,4.399999999999977,126.0
1054050743,382467165.0,414720311.0,10566.12,4.637,4.800000000000011,125.0
1054050747,382467580.0,414722600.0,10584.62,5.011,6.0,125.0
1054050749,382467648.0,414723807.0,10594.2,5.011,6.800000000000011,126.0
1054050752,382467785.0,414725982.0,10611.46,5.225,7.399999999999977,128.0
1054050754,382467606.0,414727357.0,10622.48,5.253,7.399999999999977,130.0
1054050756,382467325.0,414728735.0,10633.69,5.486,7.600000000000023,130.0
1054050758,382467387.0,414730202.0,10645.3,5.57,7.399999999999977,131.0
1054050760,382467713.0,414731631.0,10657.01,5.664,7.199999999999989,134.0
1054050761,382467885.0,414732335.0,10662.79,5.664,7.0,137.0
1054050763,382468385.0,414733616.0,10673.94,5.785,6.600000000000023,140.0
1054050764,382468717.0,414734442.0,10681.18,5.878,6.399999999999977,142.0
1054050766,382469294.0,414735783.0,10693.06,5.888,6.0,145.0
1054050774,382471441.0,414741341.0,10741.36,5.944,4.399999999999977,142.0
1054050776,382471996.0,414742729.0,10753.49,5.944,4.199999999999989,139.0
1054050778,382472566.0,414743974.0,10764.58,5.832,4.0,138.0
1054050780,382473041.0,414745155.0,10774.91,5.794,3.8000000000000114,137.0
1054050786,382474760.0,414749210.0,10810.76,5.794,2.0,137.0
1054050793,382476773.0,414754082.0,10853.62,5.916,0.8000000000000114,138.0
1054050802,382479698.0,414759866.0,10906.94,5.813,1.6000000000000227,139.0
1054050807,382481556.0,414762914.0,10936.58,5.776,1.8000000000000114,142.0
1054050810,382482727.0,414764736.0,10954.65,5.776,1.8000000000000114,141.0
1054050812,382483507.0,414765935.0,10966.59,5.841,1.8000000000000114,142.0
1054050815,382484714.0,414767776.0,10984.97,5.916,2.0,141.0
1054050824,382488480.0,414773035.0,11039.34,5.822,3.6000000000000227,140.0
1054050832,382491572.0,414777890.0,11087.4,5.925,5.0,140.0
1054050841,382494979.0,414783451.0,11141.65,5.953,7.0,139.0
1054050848,382497286.0,414788044.0,11183.87,6.037,8.600000000000023,137.0
1054050853,382498716.0,414791387.0,11213.46,5.86,9.600000000000025,140.0
1054050854,382498958.0,414792060.0,11219.23,5.832,9.800000000000011,140.0
1054050859,382499847.0,414795531.0,11248.02,5.757,10.800000000000011,144.0
1054050860,382499918.0,414796094.0,11252.52,5.757,11.0,144.0
1054050861,382500022.0,414796745.0,11257.76,5.561,11.199999999999989,146.0
1054050864,382500412.0,414798671.0,11273.44,5.281,11.800000000000011,149.0
1054050868,382500836.0,414801477.0,11295.99,5.309,12.200000000000044,152.0
1054050869,382500916.0,414802016.0,11300.33,5.309,12.200000000000044,152.0
1054050873,382501262.0,414804740.0,11322.13,5.393,12.600000000000025,155.0
1054050880,382501758.0,414809515.0,11360.24,4.88,12.799999999999956,156.0
1054050885,382502091.0,414812096.0,11380.94,4.535,12.200000000000044,156.0
1054050890,382502292.0,414814152.0,11397.34,2.846,12.200000000000044,154.0
1054050892,382502513.0,414815536.0,11408.36,5.104,12.200000000000044,153.0
1054050894,382502626.0,414816731.0,11417.88,5.291,12.399999999999975,154.0
1054050896,382502866.0,414818075.0,11428.76,5.645,12.399999999999975,153.0
1054050898,382503112.0,414819662.0,11441.55,6.308,13.0,152.0
1054050901,382503147.0,414821947.0,11459.62,5.645,14.399999999999975,151.0
1054050903,382503043.0,414823101.0,11468.66,5.626,15.0,149.0
1054050904,382503176.0,414823894.0,11475.02,5.626,15.399999999999975,149.0
1054050908,382503683.0,414825934.0,11491.64,3.21,16.399999999999977,149.0
1054050911,382503686.0,414826604.0,11496.93,1.493,16.600000000000023,145.0
1054050912,382503686.0,414826604.0,11496.93,0.0,16.600000000000023,144.0
1054050921,382503745.0,414826665.0,11498.34,0.0,15.600000000000025,142.0
1054050925,382503856.0,414827862.0,11507.87,2.687,15.600000000000025,141.0
1054050930,382503838.0,414830350.0,11527.51,4.768,15.799999999999956,140.0
1054050936,382504193.0,414834323.0,11559.13,5.039,16.0,139.0
1054050944,382504576.0,414839701.0,11601.81,5.384,16.0,137.0
1054050951,382505754.0,414844428.0,11640.7,5.281,15.799999999999956,140.0
1054050952,382505918.0,414845006.0,11645.52,4.917,15.799999999999956,141.0
1054050956,382506696.0,414847321.0,11665.22,4.871,15.600000000000025,144.0
1054050960,382507672.0,414849506.0,11684.79,4.843,15.399999999999975,145.0
1054050964,382508004.0,414851392.0,11700.71,3.639,15.600000000000025,146.0
1054050968,382506438.0,414852140.0,11716.54,3.919,16.200000000000045,144.0
1054050973,382503455.0,414852883.0,11744.87,4.572,16.200000000000045,142.0
1054050974,382503068.0,414853055.0,11748.71,4.983,16.200000000000045,142.0
1054050977,382501602.0,414853622.0,11763.05,5.16,17.200000000000045,141.0
1054050979,382500284.0,414853917.0,11775.4,4.572,18.799999999999955,140.0
1054050982,382499016.0,414854410.0,11787.55,4.18,22.0,140.0
1054050984,382498637.0,414854995.0,11793.37,2.659,23.799999999999955,140.0
1054050985,382498588.0,414855231.0,11794.99,2.137,24.799999999999955,140.0
1054050987,382498598.0,414855263.0,11795.27,0.0,26.200000000000045,139.0
1054050996,382498598.0,414855263.0,11795.27,0.0,28.0,136.0
1054050997,382498598.0,414855263.0,11795.27,0.0,28.0,137.0
1054051001,382498598.0,414855263.0,11795.27,0.0,28.0,134.0
1054051005,382498598.0,414855263.0,11795.27,0.0,28.0,131.0
1054051006,382498598.0,414855263.0,11795.27,0.0,28.0,128.0
1054051007,382498598.0,414855263.0,11795.27,0.0,28.0,124.0
1054051009,382498598.0,414855263.0,11795.27,0.0,28.0,120.0
1054051015,382498598.0,414855263.0,11795.27,0.0,28.0,117.0
1054051018,382498469.0,414855135.0,11796.38,1.269,28.0,117.0
1054051019,382498263.0,414855086.0,11798.25,1.344,28.0,117.0
1054051023,382497432.0,414854283.0,11808.15,1.558,28.0,117.0
1054051024,382497382.0,414854134.0,11809.41,1.465,27.799999999999955,117.0
1054051025,382497292.0,414854028.0,11810.55,1.502,27.600000000000023,118.0
1054051028,382496587.0,414853949.0,11817.07,1.866,26.799999999999955,117.0
1054051034,382494939.0,414853507.0,11832.75,2.995,25.600000000000023,118.0
1054051037,382493785.0,414853044.0,11844.02,3.658,25.399999999999977,118.0
1054051038,382493409.0,414853016.0,11847.5,3.434,25.399999999999977,118.0
1054051041,382492181.0,414852947.0,11858.88,3.368,25.600000000000023,118.0
1054051043,382491361.0,414852669.0,11866.53,3.378,26.0,118.0
1054051047,382489533.0,414852137.0,11884.05,4.432,26.600000000000023,118.0
1054051054,382486292.0,414851242.0,11914.99,4.292,27.200000000000045,119.0
1054051059,382484267.0,414850722.0,11934.24,3.686,27.0,119.0
1054051063,382482401.0,414850181.0,11952.08,4.665,25.799999999999955,122.0
1054051065,382481284.0,414849860.0,11962.72,4.665,24.799999999999955,122.0
1054051067,382480299.0,414849438.0,11972.31,4.647,24.0,123.0
1054051070,382478694.0,414849244.0,11987.3,4.413,23.200000000000045,124.0
1054051072,382477903.0,414849123.0,11994.65,3.648,23.0,124.0
1054051073,382477801.0,414848768.0,11997.43,2.855,23.0,124.0
1054051075,382477958.0,414847501.0,12007.6,4.516,22.799999999999955,124.0
1054051076,382478124.0,414846903.0,12012.57,4.413,22.799999999999955,125.0
1054051081,382478408.0,414844670.0,12030.39,3.303,21.600000000000023,126.0
1054051084,382478627.0,414844076.0,12035.55,1.754,21.200000000000045,126.0
1054051085,382478675.0,414843856.0,12037.35,1.736,21.200000000000045,126.0
1054051087,382478779.0,414843501.0,12040.27,1.661,21.399999999999977,126.0
1054051089,382478630.0,414843366.0,12041.8,0.0,21.799999999999955,126.0
1054051095,382478667.0,414843412.0,12042.22,0.588,23.0,128.0
1054051100,382478676.0,414843460.0,12042.61,0.0,23.399999999999977,131.0
1054051105,382478783.0,414843419.0,12043.66,0.0,23.799999999999955,133.0
1054051110,382478968.0,414843361.0,12045.93,0.765,24.200000000000045,132.0
1054051114,382479131.0,414843742.0,12049.31,1.064,25.0,131.0
1054051115,382479152.0,414843903.0,12050.5,0.765,25.399999999999977,130.0
1054051116,382479176.0,414844111.0,12052.12,1.064,25.600000000000023,130.0
1054051121,382479211.0,414844506.0,12055.24,0.616,27.0,129.0
1054051126,382479184.0,414844417.0,12055.94,0.532,27.399999999999977,129.0
1054051132,382479374.0,414844427.0,12057.68,0.606,27.799999999999955,131.0
1054051137,382479388.0,414844481.0,12058.63,0.709,28.200000000000045,129.0
1054051139,382479417.0,414844372.0,12059.53,0.746,28.399999999999977,126.0
1054051141,382479495.0,414844132.0,12061.56,0.746,28.600000000000023,123.0
1054051143,382479611.0,414843625.0,12065.69,1.344,29.0,123.0
1054051145,382480181.0,414842442.0,12076.36,5.365,29.399999999999977,122.0
1054051149,382480549.0,414841339.0,12085.73,1.008,29.799999999999955,119.0
1054051150,382480504.0,414841696.0,12085.73,1.008,29.799999999999955,120.0
1054051157,382480399.0,414842577.0,12091.04,1.54,29.799999999999955,121.0
1054051159,382479876.0,414842610.0,12095.37,1.54,29.799999999999955,122.0
1054051160,382479914.0,414842600.0,12095.72,1.54,29.799999999999955,122.0
1054051162,382479749.0,414843188.0,12095.8,2.174,29.799999999999955,122.0
1054051163,382479693.0,414843586.0,12097.69,2.174,29.799999999999955,121.0
1054051166,382479124.0,414845145.0,12110.46,1.54,29.0,120.0
1054051168,382479495.0,414845802.0,12115.88,1.54,28.0,119.0
1054051170,382479122.0,414845719.0,12117.2,1.064,27.0,120.0
1054051173,382479122.0,414845719.0,12117.2,0.0,23.200000000000045,123.0
1054051175,382477914.0,414845794.0,12128.5,1.157,21.399999999999977,125.0
1054051176,382477915.0,414845793.0,12128.5,0.83,20.799999999999955,126.0
1054051185,382477786.0,414845869.0,12131.48,0.728,19.399999999999977,126.0
1054051191,382477717.0,414846007.0,12133.29,1.045,20.399999999999977,125.0
1054051196,382477577.0,414846095.0,12134.74,2.454,22.0,126.0
1054051198,382477431.0,414846164.0,12137.24,2.454,22.200000000000045,126.0
1054051199,382477425.0,414846169.0,12137.24,0.989,22.200000000000045,126.0
1054051203,382477509.0,414846126.0,12138.8,0.774,22.200000000000045,125.0
1054051207,382477841.0,414845510.0,12144.01,2.118,22.0,124.0
1054051208,382477791.0,414845505.0,12144.48,2.118,22.200000000000045,122.0
1054051210,382477869.0,414845513.0,12144.48,0.84,22.399999999999977,118.0
1054051213,382477869.0,414845513.0,12144.48,0.737,22.799999999999955,116.0
1054051215,382477791.0,414845115.0,12147.68,1.12,23.0,115.0
1054051217,382477674.0,414844975.0,12149.58,1.12,23.200000000000045,115.0
1054051218,382477654.0,414845181.0,12151.19,1.12,23.200000000000045,114.0
1054051226,382477953.0,414847413.0,12171.53,0.737,22.600000000000023,113.0
1054051229,382477785.0,414846331.0,12178.3,1.092,22.399999999999977,111.0
1054051231,382477849.0,414845918.0,12181.5,1.092,22.399999999999977,112.0
1054051238,382477906.0,414845702.0,12181.5,0.709,22.0,113.0
1054051243,382478078.0,414845489.0,12182.41,0.634,22.399999999999977,116.0
1054051246,382478238.0,414845031.0,12186.15,0.7,23.0,116.0
1054051251,382478503.0,414844497.0,12190.88,0.802,24.399999999999977,117.0
1054051256,382478844.0,414844357.0,12193.23,0.728,25.600000000000023,120.0
1054051259,382478787.0,414844166.0,12194.53,1.064,26.0,121.0
1054051264,382478616.0,414844387.0,12196.06,0.737,27.200000000000045,120.0
1054051273,382478105.0,414844913.0,12202.08,1.213,29.200000000000045,119.0
1054051275,382478120.0,414844893.0,12202.65,1.213,29.200000000000045,120.0
1054051278,382478097.0,414844942.0,12203.49,0.625,29.200000000000045,117.0
1054051282,382478165.0,414844832.0,12205.39,0.467,29.399999999999977,117.0
1054051288,382478045.0,414844785.0,12208.13,0.952,29.799999999999955,116.0
1054051290,382478038.0,414844842.0,12208.45,1.204,30.0,113.0
1054051293,382477823.0,414845438.0,12212.31,1.913,30.399999999999977,111.0
1054051297,382477727.0,414845310.0,12213.64,0.681,30.399999999999977,111.0
1054051300,382477417.0,414845789.0,12214.7,1.036,30.200000000000045,111.0
1054051302,382477402.0,414845937.0,12215.82,1.036,30.0,111.0
1054051304,382477305.0,414846082.0,12217.04,2.146,29.600000000000023,111.0
1054051305,382477366.0,414845959.0,12218.16,2.146,29.600000000000023,111.0
1054051308,382477410.0,414845969.0,12218.58,0.625,29.200000000000045,110.0
1054051315,382477236.0,414846177.0,12218.59,0.588,28.799999999999955,107.0
1054051319,382477268.0,414846214.0,12218.96,0.849,28.600000000000023,107.0
1054051321,382477306.0,414846242.0,12219.21,1.194,28.600000000000023,107.0
1054051323,382477310.0,414846245.0,12219.36,1.194,28.600000000000023,109.0
1054051329,382477071.0,414846087.0,12221.11,0.952,28.399999999999977,106.0
1054051331,382477016.0,414846100.0,12221.63,0.439,28.399999999999977,109.0
1054051333,382477466.0,414846727.0,12227.13,3.462,28.399999999999977,111.0
1054051334,382477545.0,414847189.0,12230.85,3.462,28.399999999999977,111.0
1054051335,382477610.0,414847417.0,12231.96,2.417,28.399999999999977,112.0
1054051336,382477592.0,414847235.0,12232.9,2.417,28.399999999999977,112.0
1054051337,382477551.0,414847232.0,12233.23,0.952,28.399999999999977,115.0
1054051339,382477397.0,414847195.0,12234.48,1.129,28.399999999999977,114.0
1054051340,382477335.0,414847196.0,12235.06,0.718,28.600000000000023,113.0
1054051341,382477356.0,414847309.0,12235.95,1.129,28.600000000000023,114.0
1054051345,382477357.0,414847394.0,12236.63,0.0,28.399999999999977,115.0
1054051351,382477433.0,414847227.0,12238.4,2.155,28.399999999999977,113.0
1054051356,382477342.0,414846811.0,12240.44,1.381,28.799999999999955,113.0
1054051359,382477414.0,414846630.0,12241.76,1.381,29.200000000000045,116.0
1054051360,382477499.0,414846481.0,12243.17,1.344,29.399999999999977,115.0
1054051361,382477638.0,414846326.0,12244.52,1.344,29.600000000000023,115.0
1054051363,382477614.0,414846272.0,12245.1,1.204,30.0,114.0
1054051364,382477557.0,414846320.0,12245.75,1.204,30.200000000000045,115.0
1054051368,382477531.0,414846325.0,12246.24,1.549,31.0,115.0
1054051369,382477587.0,414846294.0,12246.81,1.166,31.0,115.0
1054051370,382477668.0,414846058.0,12248.8,1.204,31.200000000000045,115.0
1054051372,382477539.0,414846054.0,12249.59,1.166,31.399999999999977,115.0
1054051376,382477515.0,414846104.0,12250.04,0.485,31.600000000000023,117.0
1054051380,382477071.0,414846804.0,12256.62,2.034,31.799999999999955,117.0
1054051381,382477066.0,414846887.0,12257.17,2.034,32.0,116.0
1054051383,382477039.0,414847097.0,12258.79,1.661,32.200000000000045,117.0
1054051386,382477065.0,414847007.0,12259.24,1.148,32.60000000000002,116.0
1054051388,382477100.0,414846900.0,12259.89,1.148,32.799999999999955,114.0
1054051393,382477257.0,414846815.0,12260.89,0.457,33.0,115.0
1054051400,382477266.0,414846712.0,12261.89,0.625,32.799999999999955,116.0
1054051406,382477184.0,414846814.0,12262.78,1.726,32.39999999999998,117.0
1054051409,382477253.0,414846877.0,12263.36,1.586,32.200000000000045,115.0
1054051414,382477384.0,414846821.0,12263.41,0.84,31.799999999999955,112.0
1054051417,382477391.0,414846724.0,12264.08,0.765,31.399999999999977,109.0
1054051424,382477351.0,414846637.0,12265.22,0.616,31.0,109.0
1054051429,382477543.0,414846773.0,12268.95,2.006,30.799999999999955,108.0
1054051430,382477690.0,414846783.0,12270.3,2.006,30.799999999999955,108.0
1054051431,382477625.0,414846684.0,12270.8,1.372,30.600000000000023,108.0
1054051433,382477571.0,414845495.0,12279.64,1.372,30.200000000000045,107.0
1054051438,382477229.0,414845877.0,12295.75,0.0,29.200000000000045,107.0
1054051440,382477270.0,414846409.0,12299.69,1.017,28.200000000000045,108.0
1054051443,382477319.0,414846768.0,12301.8,0.933,25.399999999999977,111.0
1054051448,382477345.0,414846745.0,12303.71,0.933,21.600000000000023,113.0
1054051450,382477359.0,414846725.0,12303.97,1.064,20.799999999999955,112.0
1054051452,382477324.0,414846352.0,12306.78,1.092,20.0,112.0
1054051456,382476927.0,414846136.0,12311.42,0.69,18.799999999999955,111.0
1054051459,382476864.0,414845988.0,12312.86,1.064,18.0,112.0
1054051462,382476884.0,414845994.0,12313.36,0.728,17.399999999999977,112.0
1054051469,382477088.0,414846027.0,12314.83,0.0,17.600000000000023,111.0
1054051476,382477053.0,414845957.0,12315.95,0.485,18.200000000000045,110.0
1054051484,382477077.0,414845982.0,12319.01,0.69,18.799999999999955,111.0
1054051491,382477141.0,414845927.0,12320.28,0.523,19.799999999999955,110.0
1054051497,382477123.0,414845871.0,12320.76,0.0,20.200000000000045,108.0
1054051506,382477026.0,414845984.0,12321.52,0.0,21.0,111.0
1054051508,382477026.0,414845984.0,12321.52,0.0,21.200000000000045,112.0
1054051516,382477087.0,414846011.0,12322.55,1.4,21.799999999999955,110.0
1054051519,382477129.0,414846177.0,12323.82,0.532,21.799999999999955,109.0
1054051522,382477126.0,414846233.0,12324.47,0.532,21.600000000000023,106.0
1054051527,382477152.0,414846360.0,12325.57,0.597,21.200000000000045,106.0
1054051534,382476994.0,414846413.0,12327.18,1.166,21.0,108.0
1054051535,382476963.0,414846467.0,12327.7,1.166,21.0,109.0
1054051541,382476918.0,414846581.0,12329.1,0.551,21.399999999999977,110.0
1054051544,382476998.0,414846641.0,12329.75,0.942,21.799999999999955,113.0
1054051546,382476914.0,414846724.0,12330.74,0.672,21.799999999999955,114.0
1054051553,382476711.0,414846802.0,12332.83,1.288,22.200000000000045,117.0
1054051555,382476683.0,414846925.0,12333.84,1.288,22.399999999999977,119.0
1054051557,382476872.0,414847247.0,12336.68,1.334,22.600000000000023,121.0
1054051561,382477077.0,414847212.0,12338.82,0.924,22.799999999999955,121.0
1054051568,382477040.0,414847104.0,12340.13,0.0,22.600000000000023,119.0
1054051575,382477024.0,414846809.0,12340.49,0.597,22.0,118.0
1054051577,382476966.0,414846856.0,12341.29,1.596,21.799999999999955,118.0
1054051579,382476987.0,414846506.0,12343.86,0.728,21.799999999999955,119.0
1054051582,382476932.0,414846567.0,12345.39,1.185,22.0,119.0
1054051583,382477024.0,414846519.0,12345.39,1.26,22.0,119.0
1054051587,382477165.0,414846227.0,12347.02,1.129,22.0,116.0
1054051589,382477352.0,414845858.0,12350.49,0.942,22.0,114.0
1054051591,382477439.0,414845698.0,12352.87,1.129,22.0,113.0
1054051594,382477614.0,414845900.0,12355.15,1.129,22.0,113.0
1054051595,382477653.0,414845486.0,12357.75,1.036,22.0,112.0
1054051598,382477717.0,414845272.0,12359.54,0.952,22.200000000000045,112.0
1054051599,382477767.0,414845404.0,12359.54,1.446,22.200000000000045,112.0
1054051603,382477914.0,414845657.0,12360.81,1.232,22.600000000000023,113.0
1054051605,382477976.0,414845904.0,12361.37,1.036,22.600000000000023,114.0
1054051609,382477996.0,414845930.0,12364.2,0.0,22.399999999999977,113.0
1054051612,382477907.0,414846017.0,12365.27,0.756,22.200000000000045,110.0
1054051616,382477894.0,414845920.0,12365.92,0.532,21.799999999999955,109.0
1054051617,382477865.0,414845960.0,12366.32,1.241,21.799999999999955,109.0
1054051620,382477826.0,414846080.0,12367.76,1.241,21.799999999999955,108.0
1054051623,382477676.0,414845532.0,12372.35,0.83,21.799999999999955,108.0
1054051627,382477780.0,414844957.0,12376.72,1.278,22.799999999999955,110.0
1054051629,382478067.0,414844231.0,12382.94,1.241,23.200000000000045,109.0
1054051630,382478162.0,414844168.0,12383.45,1.278,23.399999999999977,108.0
1054051633,382478202.0,414844402.0,12384.76,1.278,23.799999999999955,107.0
1054051634,382478036.0,414844698.0,12385.98,1.278,23.799999999999955,107.0
1054051637,382477713.0,414845641.0,12395.14,1.362,24.0,107.0
1054051641,382477586.0,414845944.0,12397.36,0.0,24.399999999999977,105.0
1054051646,382477138.0,414846457.0,12407.63,2.379,25.399999999999977,103.0
1054051648,382477223.0,414846572.0,12407.92,2.379,25.399999999999977,104.0
1054051651,382477455.0,414844733.0,12422.75,0.597,25.0,106.0
1054051656,382477433.0,414845457.0,12423.16,1.502,24.399999999999977,105.0
1054051662,382477534.0,414845972.0,12426.01,1.241,24.200000000000045,104.0
1054051665,382477677.0,414846470.0,12430.08,1.344,23.799999999999955,105.0
1054051667,382477692.0,414846146.0,12434.48,1.241,23.399999999999977,104.0
1054051670,382478023.0,414845677.0,12438.7,1.334,22.600000000000023,104.0
1054051671,382478169.0,414845666.0,12440.05,1.241,22.399999999999977,104.0
1054051673,382478038.0,414846171.0,12443.06,1.241,22.200000000000045,104.0
1054051675,382477863.0,414846275.0,12444.84,1.241,22.200000000000045,104.0
1054051681,382477805.0,414846232.0,12445.27,0.0,22.399999999999977,102.0
1054051685,382477831.0,414846134.0,12445.98,1.157,22.600000000000023,100.0
1054051686,382477920.0,414846132.0,12446.81,1.157,22.600000000000023,100.0
1054051687,382477801.0,414846207.0,12448.04,1.278,22.600000000000023,100.0
1054051689,382477486.0,414846218.0,12450.86,1.278,22.600000000000023,100.0
1054051690,382477431.0,414846195.0,12450.86,1.39,22.799999999999955,99.0
1054051692,382477453.0,414846172.0,12451.68,0.998,23.0,99.0
1054051698,382477284.0,414846176.0,12454.15,1.185,24.0,102.0
1054051700,382477284.0,414846176.0,12454.15,0.0,24.399999999999977,103.0
1054051705,382477247.0,414846416.0,12455.88,1.316,24.600000000000023,103.0
