timestamp [s],position_lat [semicircles],position_long [semicircles],distance [m],enhanced_speed [m/s],enhanced_altitude [m],cycle_length16 [m],heart_rate [bpm],cadence [rpm],fractional_cadence [rpm]
1049872046,382497759,414849321.0,2.66,2.967,50.200000000000045,0.0,99.0,81.0,0.5
1049872048,382498203,414848866.0,8.14,2.258,49.60000000000002,0.0,102.0,81.0,0.5
1049872050,382498585,414848473.0,12.86,2.053,49.0,0.0,103.0,80.0,0.5
1049872052,382498741,414848098.0,16.26,2.333,48.79999999999996,0.0,104.0,81.0,0.5
1049872055,382498816,414847207.0,23.29,2.482,49.60000000000002,0.0,104.0,83.0,0.5
1049872057,382498924,414846413.0,29.67,2.491,50.0,0.0,108.0,82.0,0.0
1049872059,382499020,414845585.0,36.29,2.519,49.79999999999996,0.0,112.0,83.0,0.5
1049872060,382499001,414845162.0,39.63,2.594,49.39999999999998,0.0,113.0,83.0,0.5
1049872063,382498744,414843715.0,51.05,2.659,47.60000000000002,0.0,116.0,81.0,0.5
1049872066,382498625,414842387.0,61.58,2.706,46.60000000000002,0.0,119.0,81.0,0.5
1049872068,382498606,414841838.0,65.92,2.706,46.39999999999998,0.0,120.0,81.0,0.5
1049872074,382498618,414840195.0,79.35,2.501,46.200000000000045,0.0,123.0,79.0,0.5
1049872075,382498533,414839886.0,81.78,2.501,46.200000000000045,0.0,123.0,79.0,0.5
1049872081,382498044,414837627.0,99.66,2.463,43.200000000000045,0.0,123.0,81.0,0.5
1049872089,382498528,414835075.0,118.76,2.435,42.39999999999998,0.0,126.0,80.0,0.5
1049872094,382498800,414834249.0,125.32,1.418,41.0,0.0,128.0,78.0,0.5
1049872095,382498728,414834075.0,126.79,1.418,40.60000000000002,0.0,128.0,78.0,0.5
1049872096,382498619,414833795.0,128.65,1.437,40.39999999999998,0.0,127.0,78.0,0.5
1049872099,382498172,414833023.0,134.52,1.717,39.79999999999996,0.0,124.0,81.0,0.0
1049872100,382498075,414832787.0,136.57,1.829,39.60000000000002,0.0,124.0,81.0,0.0
1049872107,382498047,414830347.0,155.72,2.062,35.39999999999998,0.0,127.0,83.0,0.5
1049872108,382497945,414830073.0,158.07,2.099,34.39999999999998,0.0,127.0,83.0,0.5
1049872110,382497361,414829500.0,165.15,2.109,32.39999999999998,0.0,130.0,81.0,0.5
1049872111,382497042,414829165.0,169.13,2.118,31.399999999999977,0.0,130.0,81.0,0.5
1049872114,382496268,414828398.0,178.61,2.202,27.600000000000023,0.0,133.0,82.0,0.5
1049872115,382496290,414828261.0,179.71,2.211,26.600000000000023,0.0,134.0,82.0,0.5
1049872116,382496346,414828079.0,181.24,2.211,25.799999999999955,0.0,135.0,82.0,0.5
1049872119,382496815,414827776.0,186.49,1.801,23.0,0.0,136.0,82.0,0.5
1049872122,382497130,414827773.0,189.42,1.819,21.799999999999955,0.0,135.0,83.0,0.5
1049872127,382498034,414827456.0,198.61,1.773,23.399999999999977,0.0,139.0,81.0,0.5
1049872130,382498555,414826825.0,205.47,1.81,25.200000000000045,0.0,140.0,84.0,0.5
1049872135,382499701,414826161.0,217.87,1.931,28.799999999999955,0.0,139.0,82.0,0.5
1049872138,382500634,414825936.0,226.53,1.95,30.399999999999977,0.0,139.0,83.0,0.0
1049872141,382501393,414825289.0,235.35,1.978,31.200000000000045,0.0,139.0,83.0,0.5
1049872142,382501513,414824936.0,238.27,1.997,31.600000000000023,0.0,139.0,82.0,0.5
1049872145,382501621,414823763.0,247.53,2.071,32.799999999999955,0.0,139.0,82.0,0.5
1049872152,382501795,414820855.0,270.1,2.445,35.799999999999955,0.0,139.0,80.0,0.5
1049872155,382502126,414819589.0,279.91,2.585,36.39999999999998,0.0,142.0,81.0,0.5
1049872158,382502513,414818374.0,289.03,2.678,36.79999999999996,0.0,145.0,81.0,0.5
1049872162,382502656,414816965.0,299.95,2.771,36.200000000000045,0.0,146.0,81.0,0.5
1049872169,382502736,414814317.0,320.7,2.846,34.39999999999998,0.0,147.0,81.0,0.5
1049872170,382502759,414813938.0,323.67,2.855,34.0,0.0,148.0,81.0,0.5
1049872177,382503112,414811486.0,343.34,2.911,30.200000000000045,0.0,149.0,82.0,0.5
1049872182,382503370,414809904.0,356.34,2.93,26.399999999999977,0.0,149.0,82.0,0.5
1049872188,382502938,414807459.0,376.0,2.911,20.399999999999977,0.0,148.0,84.0,0.5
1049872195,382502250,414804668.0,398.79,3.051,18.799999999999955,0.0,148.0,82.0,0.5
1049872196,382502215,414804204.0,402.48,3.06,18.399999999999977,0.0,149.0,82.0,0.5
1049872204,382501878,414801381.0,425.08,3.051,15.0,0.0,151.0,83.0,0.5
1049872206,382501898,414800696.0,430.52,3.042,14.200000000000044,0.0,152.0,82.0,0.0
1049872212,382501197,414798286.0,450.96,3.032,12.600000000000025,0.0,154.0,82.0,0.5
1049872219,382500438,414795612.0,473.21,3.079,15.0,0.0,154.0,83.0,0.5
1049872221,382500186,414795101.0,477.73,3.098,15.399999999999975,0.0,154.0,83.0,0.0
1049872227,382499547,414793210.0,494.05,3.098,15.0,0.0,154.0,82.0,0.5
1049872233,382499102,414790704.0,514.36,3.07,12.600000000000025,0.0,155.0,82.0,0.5
1049872235,382498739,414789897.0,521.53,3.079,12.399999999999975,0.0,155.0,82.0,0.5
1049872242,382497564,414787649.0,542.64,3.098,13.799999999999956,0.0,156.0,83.0,0.5
1049872243,382497352,414787413.0,545.32,3.098,13.799999999999956,0.0,156.0,83.0,0.5
1049872249,382496591,414785407.0,562.89,3.098,13.200000000000044,0.0,156.0,84.0,0.5
1049872253,382495895,414784141.0,574.85,3.088,11.399999999999975,0.0,153.0,82.0,0.5
1049872257,382495158,414782820.0,587.35,3.07,10.0,0.0,152.0,83.0,0.5
1049872264,382493811,414780555.0,609.21,3.079,10.199999999999989,0.0,154.0,82.0,0.5
1049872268,382492951,414779414.0,621.25,3.088,12.399999999999975,0.0,153.0,82.0,0.5
1049872273,382491747,414778225.0,635.63,3.098,14.799999999999956,0.0,150.0,83.0,0.5
1049872275,382491381,414777548.0,641.93,3.088,15.600000000000025,0.0,150.0,83.0,0.5
1049872282,382489837,414775440.0,663.68,3.07,18.0,0.0,151.0,83.0,0.5
1049872283,382489568,414775191.0,666.76,3.07,18.200000000000045,0.0,151.0,82.0,0.5
1049872290,382487909,414773207.0,688.81,3.088,22.600000000000023,0.0,152.0,83.0,0.5
1049872292,382487632,414772573.0,694.36,3.088,24.0,0.0,152.0,82.0,0.5
1049872298,382486299,414770579.0,714.38,3.088,27.0,0.0,153.0,82.0,0.5
1049872305,382485333,414768033.0,736.12,3.088,30.799999999999955,0.0,153.0,82.0,0.5
1049872307,382485046,414767314.0,742.32,3.088,31.0,0.0,154.0,82.0,0.0
1049872314,382483445,414765474.0,762.88,3.088,30.399999999999977,0.0,155.0,83.0,0.5
1049872316,382483281,414764648.0,769.37,3.088,30.200000000000045,0.0,155.0,82.0,0.5
1049872323,382482277,414762357.0,789.74,3.079,29.200000000000045,0.0,155.0,81.0,0.5
1049872327,382481811,414760720.0,803.51,3.079,28.600000000000023,0.0,154.0,83.0,0.5
1049872334,382480202,414758962.0,823.93,3.088,27.0,0.0,152.0,82.0,0.5
1049872335,382479976,414758720.0,826.76,3.088,27.0,0.0,151.0,82.0,0.5
1049872342,382478817,414756397.0,848.1,3.088,27.600000000000023,0.0,153.0,81.0,0.5
1049872344,382478556,414755770.0,853.62,3.088,27.0,0.0,156.0,82.0,0.5
1049872347,382478110,414754768.0,862.57,3.088,26.399999999999977,300.0,153.0,82.0,0.5
1049872354,382477105,414752267.0,884.47,3.098,25.0,0.0,153.0,81.0,0.5
1049872355,382476974,414751897.0,887.64,3.098,24.600000000000023,0.0,153.0,81.0,0.5
1049872362,382476013,414749358.0,909.64,3.116,21.799999999999955,0.0,154.0,82.0,0.5
1049872364,382475827,414748597.0,915.9,3.126,20.799999999999955,0.0,155.0,82.0,0.5
1049872371,382475799,414745922.0,937.11,3.144,19.200000000000045,0.0,157.0,81.0,0.5
1049872373,382475762,414745251.0,942.43,3.144,19.200000000000045,0.0,157.0,83.0,0.5
1049872376,382475565,414744193.0,951.0,3.144,19.0,0.0,154.0,82.0,0.5
1049872382,382475033,414742188.0,967.73,3.126,18.799999999999955,0.0,153.0,83.0,0.5
1049872389,382473869,414739985.0,988.2,3.098,18.0,0.0,153.0,82.0,0.5
1049872394,382473199,414738448.0,1001.77,3.079,20.0,0.0,152.0,82.0,0.5
1049872395,382472996,414738117.0,1004.98,3.079,20.399999999999977,0.0,152.0,82.0,0.5
1049872396,382472836,414737773.0,1008.07,3.07,21.0,0.0,152.0,82.0,0.5
1049872404,382471828,414735210.0,1030.4,3.014,24.600000000000023,0.0,154.0,83.0,0.5
1049872406,382471468,414734563.0,1036.52,3.004,24.399999999999977,0.0,152.0,83.0,0.5
1049872413,382470349,414732005.0,1059.25,3.004,21.0,0.0,153.0,82.0,0.5
1049872415,382469962,414731366.0,1065.46,3.014,20.399999999999977,0.0,153.0,82.0,0.5
1049872422,382468879,414728930.0,1087.29,3.032,19.0,0.0,154.0,82.0,0.5
1049872423,382468763,414728620.0,1089.97,3.042,18.799999999999955,0.0,155.0,81.0,0.5
1049872429,382468089,414726481.0,1108.09,3.042,17.200000000000045,0.0,158.0,82.0,0.5
1049872432,382467942,414725397.0,1116.78,3.051,16.399999999999977,0.0,159.0,81.0,0.5
1049872439,382467699,414722672.0,1138.5,3.051,15.200000000000044,0.0,163.0,81.0,0.5
1049872440,382467652,414722373.0,1140.9,3.051,15.0,0.0,164.0,81.0,0.5
1049872443,382467441,414721277.0,1149.81,3.051,14.399999999999975,0.0,167.0,82.0,0.5
1049872448,382467110,414719568.0,1163.82,3.042,13.399999999999975,0.0,165.0,81.0,0.5
1049872455,382467221,414716714.0,1186.47,3.023,11.600000000000025,0.0,163.0,82.0,0.5
1049872459,382467212,414715097.0,1199.29,3.032,10.600000000000025,0.0,163.0,82.0,0.5
1049872461,382467074,414714284.0,1205.86,3.042,10.199999999999989,0.0,163.0,81.0,0.5
1049872468,382466598,414711569.0,1227.8,3.06,9.800000000000011,0.0,163.0,81.0,0.5
1049872475,382466172,414708904.0,1249.26,3.06,10.800000000000011,0.0,162.0,81.0,0.5
1049872479,382465882,414707413.0,1261.37,3.051,10.399999999999975,0.0,161.0,80.0,0.5
1049872486,382465647,414704673.0,1283.18,3.06,9.399999999999975,0.0,161.0,80.0,0.5
1049872489,382465426,414703669.0,1291.39,3.07,8.600000000000023,0.0,161.0,81.0,0.5
1049872494,382464458,414702371.0,1305.18,3.051,7.399999999999977,0.0,160.0,81.0,0.5
1049872496,382464309,414701619.0,1311.3,3.042,7.199999999999989,0.0,157.0,81.0,0.5
1049872499,382464453,414700467.0,1320.53,3.042,7.800000000000011,0.0,154.0,82.0,0.5
1049872503,382465311,414699723.0,1330.85,3.032,9.0,0.0,153.0,82.0,0.5
1049872509,382467238,414699861.0,1348.78,3.014,10.800000000000011,0.0,153.0,80.0,0.5
1049872516,382469646,414700142.0,1371.29,3.004,11.800000000000011,0.0,155.0,82.0,0.5
1049872518,382470275,414700119.0,1377.13,3.014,12.0,0.0,155.0,82.0,0.5
1049872525,382472520,414700062.0,1398.03,3.004,12.200000000000044,0.0,155.0,81.0,0.5
1049872528,382473509,414700140.0,1407.23,2.995,13.200000000000044,0.0,155.0,83.0,0.5
1049872534,382475712,414700504.0,1427.93,3.004,15.600000000000025,0.0,155.0,81.0,0.5
1049872536,382476467,414700695.0,1435.11,3.014,16.200000000000045,0.0,157.0,82.0,0.5
1049872540,382477795,414700977.0,1447.66,3.042,16.399999999999977,0.0,160.0,81.0,0.5
1049872545,382479476,414701092.0,1463.31,3.07,15.600000000000025,0.0,163.0,83.0,0.5
1049872546,382479830,414701164.0,1466.65,3.07,15.399999999999975,0.0,163.0,82.0,0.5
1049872547,382480152,414701230.0,1469.69,3.079,15.200000000000044,0.0,160.0,82.0,0.5
1049872554,382482439,414701797.0,1491.44,3.098,15.200000000000044,0.0,162.0,81.0,0.5
1049872556,382483036,414701912.0,1497.07,3.098,15.200000000000044,0.0,163.0,82.0,0.5
1049872561,382484510,414701280.0,1511.75,3.098,15.200000000000044,0.0,163.0,81.0,0.5
1049872568,382486881,414700620.0,1534.43,3.098,16.200000000000045,0.0,163.0,83.0,0.5
1049872570,382487455,414700412.0,1540.01,3.098,16.600000000000023,0.0,163.0,82.0,0.5
1049872577,382489628,414699773.0,1560.83,3.098,17.399999999999977,0.0,163.0,82.0,0.5
1049872580,382490564,414699574.0,1569.68,3.098,17.200000000000045,0.0,163.0,82.0,0.5
1049872587,382492997,414699499.0,1592.3,3.098,16.399999999999977,0.0,162.0,82.0,0.5
1049872589,382493655,414699401.0,1598.46,3.107,16.0,0.0,162.0,82.0,0.5
1049872596,382496031,414698760.0,1621.12,3.126,15.399999999999975,0.0,161.0,83.0,0.0
1049872599,382496973,414698540.0,1630.05,3.126,15.200000000000044,0.0,162.0,83.0,0.5
1049872606,382499357,414698637.0,1652.43,3.135,15.0,0.0,164.0,84.0,0.0
1049872613,382501466,414699805.0,1674.28,3.144,15.600000000000025,0.0,165.0,83.0,0.5
1049872614,382501691,414700120.0,1677.54,3.144,15.600000000000025,0.0,165.0,83.0,0.5
1049872619,382502672,414701768.0,1693.47,3.154,16.600000000000023,0.0,168.0,83.0,0.0
1049872621,382503193,414702119.0,1699.07,3.154,17.0,0.0,168.0,83.0,0.5
1049872628,382505278,414703474.0,1721.39,3.144,17.799999999999955,0.0,169.0,82.0,0.5
1049872634,382507118,414703951.0,1739.33,3.144,18.0,0.0,169.0,83.0,0.5
1049872640,382508966,414702902.0,1758.69,3.144,18.0,0.0,168.0,83.0,0.5
1049872646,382510578,414701463.0,1777.67,3.154,18.200000000000045,0.0,169.0,83.0,0.5
1049872650,382511675,414700932.0,1789.02,3.163,17.200000000000045,0.0,168.0,82.0,0.5
1049872656,382513469,414701595.0,1806.84,3.144,16.600000000000023,0.0,169.0,82.0,0.5
1049872663,382515535,414702744.0,1828.2,3.126,16.399999999999977,0.0,167.0,81.0,0.5
1049872664,382515877,414702821.0,1831.43,3.126,16.399999999999977,0.0,167.0,81.0,0.5
1049872671,382518313,414702857.0,1854.18,3.126,16.0,0.0,168.0,83.0,0.5
1049872672,382518654,414702771.0,1857.42,3.126,16.0,0.0,168.0,83.0,0.5
1049872678,382520390,414701509.0,1876.55,3.135,15.399999999999975,0.0,170.0,82.0,0.5
1049872684,382522150,414700252.0,1895.79,3.154,14.200000000000044,0.0,169.0,82.0,0.5
1049872691,382524451,414699676.0,1917.85,3.154,13.600000000000025,0.0,169.0,82.0,0.5
1049872698,382526880,414699855.0,1940.47,3.154,13.200000000000044,0.0,167.0,83.0,0.5
1049872702,382528209,414699913.0,1952.83,3.154,13.0,0.0,166.0,83.0,0.0
1049872709,382530618,414700624.0,1976.06,3.172,13.399999999999975,0.0,168.0,82.0,0.5
1049872710,382530985,414700738.0,1979.58,3.172,13.399999999999975,0.0,168.0,82.0,0.5
1049872717,382533132,414701564.0,2000.6,3.172,15.0,0.0,169.0,82.0,0.5
1049872720,382534107,414701813.0,2009.87,3.163,15.399999999999975,0.0,169.0,82.0,0.5
1049872727,382536058,414702869.0,2029.91,3.135,16.200000000000045,0.0,168.0,82.0,0.5
1049872734,382538169,414703845.0,2051.05,3.116,16.799999999999955,0.0,167.0,82.0,0.5
1049872736,382538798,414704002.0,2057.02,3.116,17.0,0.0,167.0,82.0,0.5
1049872743,382540833,414704984.0,2077.53,3.098,17.600000000000023,0.0,167.0,81.0,0.5
1049872745,382541437,414705331.0,2083.77,3.098,17.399999999999977,0.0,168.0,82.0,0.5
1049872749,382542456,414706109.0,2095.13,3.079,17.399999999999977,0.0,171.0,82.0,0.5
1049872752,382543074,414706969.0,2104.03,3.06,17.600000000000023,0.0,172.0,83.0,0.5
1049872759,382544687,414708917.0,2125.66,3.042,17.799999999999955,0.0,172.0,81.0,0.5
1049872760,382544934,414709141.0,2128.56,3.042,17.799999999999955,0.0,172.0,82.0,0.5
1049872767,382546989,414709952.0,2149.12,3.032,17.799999999999955,0.0,171.0,82.0,0.5
1049872774,382549355,414710465.0,2171.5,3.023,17.600000000000023,0.0,168.0,81.0,0.5
1049872776,382549964,414710672.0,2177.39,3.023,17.600000000000023,0.0,168.0,82.0,0.5
1049872783,382552076,414711489.0,2198.09,3.023,17.399999999999977,0.0,169.0,83.0,0.5
1049872784,382552306,414711519.0,2200.24,3.023,17.600000000000023,0.0,169.0,83.0,0.5
1049872791,382554656,414711987.0,2222.41,3.014,17.600000000000023,0.0,168.0,82.0,0.5
1049872792,382555043,414712079.0,2226.08,3.014,17.600000000000023,0.0,168.0,83.0,0.5
1049872799,382557232,414712728.0,2247.05,3.023,17.0,0.0,165.0,82.0,0.5
1049872801,382557839,414712946.0,2252.95,3.032,16.799999999999955,0.0,165.0,82.0,0.5
1049872807,382559776,414713377.0,2271.27,3.023,16.399999999999977,0.0,162.0,82.0,0.5
1049872810,382560833,414713688.0,2281.41,3.032,16.200000000000045,0.0,162.0,83.0,0.5
1049872814,382562014,414714558.0,2294.39,3.042,16.200000000000045,0.0,166.0,82.0,0.5
1049872816,382562564,414714947.0,2300.36,3.051,16.600000000000023,0.0,167.0,83.0,0.5
1049872823,382564577,414716161.0,2321.4,3.051,17.600000000000023,0.0,167.0,82.0,0.5
1049872826,382565454,414716651.0,2330.43,3.051,18.0,0.0,168.0,82.0,0.5
1049872833,382567202,414718474.0,2352.33,3.051,18.399999999999977,0.0,167.0,83.0,0.5
1049872840,382568512,414720676.0,2373.65,3.06,17.799999999999955,0.0,167.0,82.0,0.5
1049872841,382568710,414721029.0,2376.99,3.06,17.600000000000023,0.0,167.0,81.0,0.5
1049872846,382569593,414722730.0,2392.76,3.051,17.200000000000045,0.0,167.0,82.0,0.5
1049872849,382570055,414723837.0,2402.51,3.051,16.799999999999955,0.0,167.0,82.0,0.5
1049872856,382571161,414726258.0,2424.27,3.051,16.799999999999955,0.0,169.0,82.0,0.5
1049872858,382571456,414726940.0,2430.32,3.051,16.600000000000023,0.0,172.0,81.0,0.5
1049872865,382572452,414729353.0,2451.54,3.051,16.399999999999977,0.0,174.0,82.0,0.5
1049872866,382572604,414729704.0,2454.65,3.051,16.600000000000023,105.0,175.0,82.0,0.5
1049872873,382573679,414732140.0,2476.39,3.051,16.799999999999955,0.0,174.0,82.0,0.5
1049872874,382573864,414732477.0,2479.57,3.051,16.799999999999955,0.0,174.0,81.0,0.5
1049872881,382575560,414733893.0,2499.91,3.032,17.0,0.0,173.0,83.0,0.5
1049872888,382577894,414734474.0,2522.08,3.014,17.600000000000023,0.0,171.0,82.0,0.5
1049872892,382579152,414734773.0,2534.01,3.023,18.0,0.0,170.0,81.0,0.5
1049872899,382581329,414735271.0,2554.63,3.014,18.600000000000023,0.0,168.0,82.0,0.5
1049872902,382582352,414735451.0,2564.25,3.014,18.200000000000045,0.0,165.0,82.0,0.5
1049872909,382584430,414736162.0,2584.38,3.004,17.200000000000045,0.0,164.0,82.0,0.5
1049872910,382584738,414736304.0,2587.45,3.004,17.0,0.0,164.0,82.0,0.5
1049872917,382586936,414737115.0,2608.91,2.986,16.799999999999955,0.0,163.0,81.0,0.5
1049872918,382587148,414737236.0,2611.09,2.986,17.0,0.0,163.0,82.0,0.5
1049872925,382589320,414738333.0,2633.11,2.995,17.799999999999955,0.0,163.0,82.0,0.5
1049872926,382589698,414738474.0,2636.79,2.995,17.799999999999955,0.0,163.0,83.0,0.5
1049872934,382592070,414738836.0,2659.0,3.004,18.0,0.0,163.0,83.0,0.5
1049872940,382593822,414739437.0,2675.95,2.995,19.0,0.0,163.0,82.0,0.5
1049872947,382596209,414739778.0,2698.18,2.995,21.0,0.0,165.0,81.0,0.5
1049872952,382597669,414740180.0,2712.2,2.986,20.799999999999955,0.0,167.0,82.0,0.5
1049872959,382599755,414740978.0,2732.56,2.967,19.200000000000045,0.0,166.0,82.0,0.5
1049872963,382600992,414741581.0,2745.01,2.958,18.399999999999977,0.0,165.0,82.0,0.5
1049872970,382603163,414742382.0,2766.19,2.967,18.200000000000045,0.0,166.0,81.0,0.5
1049872972,382603819,414742522.0,2772.38,2.967,18.0,0.0,167.0,81.0,0.5
1049872979,382606014,414743417.0,2794.01,2.976,18.799999999999955,0.0,168.0,82.0,0.5
1049872982,382606934,414743797.0,2803.07,2.976,19.200000000000045,0.0,168.0,82.0,0.5
1049872989,382609183,414744906.0,2825.81,2.986,19.0,0.0,167.0,82.0,0.5
1049872991,382609702,414745086.0,2830.84,2.986,18.799999999999955,0.0,167.0,83.0,0.5
1049872998,382611898,414745994.0,2852.49,2.995,21.0,0.0,168.0,82.0,0.5
1049872999,382612199,414746073.0,2855.3,2.995,21.399999999999977,0.0,169.0,82.0,0.5
1049873004,382614126,414746722.0,2873.89,3.004,22.399999999999977,0.0,172.0,82.0,0.5
1049873006,382614838,414746980.0,2880.79,3.004,21.799999999999955,0.0,172.0,83.0,0.5
1049873013,382617132,414747785.0,2903.06,3.098,16.799999999999955,0.0,173.0,83.0,0.5
1049873014,382617431,414747959.0,2906.15,3.107,16.200000000000045,0.0,173.0,83.0,0.5
1049873021,382619621,414748751.0,2927.51,3.098,13.799999999999956,0.0,173.0,82.0,0.5
1049873022,382620032,414748792.0,2931.32,3.088,13.600000000000025,0.0,173.0,83.0,0.5
1049873029,382622237,414749248.0,2952.06,3.098,12.600000000000025,0.0,173.0,81.0,0.5
1049873033,382623453,414749753.0,2964.06,3.079,12.799999999999956,0.0,171.0,82.0,0.5
1049873040,382625577,414750747.0,2985.31,3.06,15.399999999999975,0.0,170.0,82.0,0.5
1049873044,382626825,414751124.0,2997.27,3.051,16.600000000000023,0.0,169.0,82.0,0.5
1049873045,382627122,414751183.0,3000.07,3.051,17.0,0.0,169.0,82.0,0.5
1049873052,382629224,414752077.0,3020.66,3.023,18.799999999999955,0.0,168.0,82.0,0.0
1049873059,382631602,414752750.0,3043.68,3.004,21.200000000000045,0.0,170.0,83.0,0.0
1049873065,382633685,414753803.0,3064.8,3.06,20.399999999999977,0.0,173.0,84.0,0.5
1049873068,382634695,414754169.0,3074.62,3.144,19.0,0.0,176.0,82.0,0.5
1049873074,382636812,414754899.0,3095.15,3.238,16.600000000000023,0.0,177.0,83.0,0.5
1049873078,382638160,414755365.0,3108.23,3.2,16.200000000000045,0.0,177.0,83.0,0.5
1049873084,382640312,414756116.0,3129.13,3.256,15.600000000000025,0.0,177.0,83.0,0.0
1049873085,382640691,414756195.0,3132.7,3.266,15.399999999999975,0.0,177.0,83.0,0.5
1049873091,382642772,414757045.0,3153.25,3.34,15.200000000000044,0.0,176.0,82.0,0.5
1049873093,382643471,414757329.0,3160.12,3.35,15.200000000000044,0.0,176.0,82.0,0.5
1049873100,382645763,414758135.0,3182.36,3.35,15.200000000000044,0.0,176.0,82.0,0.5
1049873102,382646419,414758347.0,3188.69,3.35,15.600000000000025,0.0,176.0,83.0,0.5
1049873108,382648534,414759038.0,3209.1,3.34,17.0,0.0,176.0,83.0,0.0
1049873109,382648920,414759146.0,3212.79,3.34,17.200000000000045,0.0,176.0,83.0,0.5
1049873116,382651350,414759842.0,3236.07,3.35,17.600000000000023,0.0,176.0,82.0,0.5
1049873117,382651698,414759941.0,3239.4,3.35,17.600000000000023,0.0,176.0,82.0,0.5
1049873123,382653755,414760757.0,3259.58,3.35,18.0,0.0,176.0,82.0,0.5
1049873126,382654865,414761055.0,3270.15,3.35,17.799999999999955,0.0,176.0,83.0,0.5
1049873133,382657227,414761802.0,3292.9,3.35,17.799999999999955,0.0,176.0,84.0,0.0
1049873136,382658234,414762176.0,3302.72,3.35,18.399999999999977,0.0,176.0,83.0,0.5
1049873143,382660447,414762853.0,3323.97,3.35,20.399999999999977,0.0,176.0,84.0,0.5
1049873150,382662671,414763645.0,3345.56,3.312,23.200000000000045,0.0,176.0,83.0,0.5
1049873151,382662960,414763790.0,3348.47,3.312,24.0,0.0,176.0,83.0,0.5
1049873158,382665031,414764988.0,3369.78,3.275,27.399999999999977,0.0,176.0,84.0,0.5
1049873161,382665989,414765502.0,3379.57,3.256,27.799999999999955,0.0,176.0,83.0,0.5
1049873167,382668007,414766738.0,3400.6,3.238,27.399999999999977,0.0,176.0,84.0,0.5
1049873171,382669476,414767411.0,3415.28,3.238,26.399999999999977,0.0,176.0,83.0,0.0
1049873177,382671464,414768454.0,3435.51,3.256,23.600000000000023,0.0,176.0,82.0,0.5
1049873182,382673022,414769224.0,3451.23,3.247,21.600000000000023,0.0,175.0,83.0,0.5
1049873189,382675328,414770010.0,3473.51,3.238,20.200000000000045,0.0,174.0,83.0,0.5
1049873192,382676422,414770314.0,3483.94,3.228,20.0,0.0,174.0,82.0,0.5
1049873199,382678754,414771052.0,3506.41,3.238,20.399999999999977,0.0,173.0,83.0,0.5
1049873203,382680014,414771380.0,3518.42,3.238,20.399999999999977,0.0,173.0,83.0,0.0
1049873209,382682118,414771983.0,3538.55,3.238,20.0,0.0,174.0,82.0,0.5
1049873215,382684136,414772613.0,3558.02,3.228,19.399999999999977,0.0,175.0,83.0,0.5
1049873222,382686427,414773017.0,3579.66,3.219,19.200000000000045,0.0,176.0,83.0,0.5
1049873223,382686771,414773123.0,3582.97,3.219,19.600000000000023,0.0,176.0,82.0,0.5
1049873229,382688936,414773656.0,3603.52,3.219,20.399999999999977,0.0,176.0,83.0,0.5
1049873234,382690636,414774312.0,3620.15,3.219,20.200000000000045,0.0,175.0,83.0,0.5
1049873241,382692817,414775215.0,3641.64,3.228,19.399999999999977,0.0,175.0,82.0,0.5
1049873243,382693529,414775486.0,3648.6,3.228,19.200000000000045,0.0,175.0,83.0,0.5
1049873250,382695664,414776619.0,3670.38,3.219,19.399999999999977,0.0,173.0,82.0,0.5
1049873252,382696293,414776929.0,3676.72,3.21,19.600000000000023,0.0,173.0,83.0,0.5
1049873259,382698511,414778147.0,3699.52,3.2,19.200000000000045,0.0,173.0,82.0,0.5
1049873260,382698807,414778348.0,3702.7,3.2,19.200000000000045,0.0,173.0,83.0,0.5
1049873267,382701006,414779535.0,3725.2,3.2,18.799999999999955,0.0,175.0,83.0,0.5
1049873270,382701927,414779888.0,3734.21,3.2,19.0,0.0,175.0,82.0,0.5
1049873277,382704242,414780841.0,3757.33,3.191,18.799999999999955,0.0,175.0,82.0,0.5
1049873284,382706414,414782263.0,3780.58,3.21,16.799999999999955,0.0,175.0,82.0,0.5
1049873285,382706744,414782449.0,3783.98,3.21,16.600000000000023,0.0,175.0,81.0,0.5
1049873291,382708889,414783127.0,3804.72,3.238,16.799999999999955,0.0,176.0,82.0,0.5
1049873294,382709984,414783344.0,3815.04,3.247,17.399999999999977,0.0,177.0,82.0,0.5
1049873301,382712456,414783651.0,3838.14,3.275,17.799999999999955,0.0,178.0,81.0,0.5
1049873303,382712998,414783644.0,3843.17,3.275,17.799999999999955,0.0,178.0,82.0,0.5
1049873309,382715280,414783640.0,3864.38,3.368,18.399999999999977,0.0,178.0,83.0,0.5
1049873310,382715618,414783697.0,3867.55,3.368,18.399999999999977,0.0,178.0,83.0,0.0
1049873316,382717764,414783979.0,3887.7,3.34,19.200000000000045,0.0,176.0,82.0,0.5
1049873319,382718924,414784119.0,3898.54,3.331,19.399999999999977,0.0,176.0,82.0,0.5
1049873325,382721045,414784692.0,3918.8,3.368,19.200000000000045,0.0,177.0,82.0,0.5
1049873329,382722423,414785134.0,3932.08,3.396,18.799999999999955,0.0,176.0,84.0,0.5
1049873335,382724477,414785986.0,3952.19,3.406,18.600000000000023,0.0,176.0,82.0,0.5
1049873337,382725134,414786312.0,3958.8,3.406,19.0,0.0,176.0,83.0,0.5
1049873343,382727184,414787134.0,3978.96,3.415,19.799999999999955,0.0,176.0,83.0,0.0
1049873346,382728126,414787584.0,3988.41,3.415,20.0,0.0,176.0,83.0,0.5
1049873350,382729398,414788259.0,4001.38,3.396,20.399999999999977,0.0,177.0,82.0,0.5
1049873356,382731325,414789063.0,4020.39,3.387,21.399999999999977,0.0,178.0,84.0,0.0
1049873362,382733443,414789831.0,4041.01,3.378,20.0,0.0,177.0,83.0,0.5
1049873365,382734517,414790198.0,4051.41,3.378,19.399999999999977,0.0,176.0,82.0,0.5
1049873372,382736865,414790724.0,4073.64,3.378,19.600000000000023,0.0,176.0,83.0,0.5
1049873376,382738348,414790676.0,4087.44,3.368,19.799999999999955,0.0,176.0,83.0,0.5
1049873383,382740746,414791236.0,4110.19,3.368,21.200000000000045,0.0,177.0,82.0,0.5
1049873384,382741074,414791304.0,4113.28,3.368,21.200000000000045,0.0,177.0,82.0,0.5
1049873390,382743368,414791745.0,4134.89,3.368,21.200000000000045,0.0,178.0,82.0,0.5
1049873391,382743663,414791798.0,4137.66,3.368,21.200000000000045,0.0,178.0,82.0,0.5
1049873397,382745797,414792112.0,4157.72,3.378,20.200000000000045,0.0,176.0,83.0,0.5
1049873399,382746630,414791848.0,4165.61,3.387,20.0,0.0,176.0,83.0,0.5
1049873404,382748049,414791793.0,4179.07,3.387,20.0,0.0,175.0,83.0,0.5
1049873411,382750253,414792835.0,4201.16,3.312,19.799999999999955,0.0,173.0,83.0,0.0
1049873412,382750570,414792994.0,4204.36,3.284,19.600000000000023,0.0,173.0,83.0,0.5
1049873419,382752868,414794116.0,4227.54,3.182,19.399999999999977,0.0,173.0,83.0,0.0
1049873426,382755155,414795241.0,4250.59,3.256,18.200000000000045,0.0,173.0,81.0,0.5
1049873427,382755492,414795370.0,4253.89,3.256,18.200000000000045,0.0,173.0,82.0,0.5
1049873434,382757605,414796591.0,4275.82,3.266,17.200000000000045,0.0,174.0,81.0,0.5
1049873437,382758525,414797176.0,4285.54,3.266,16.799999999999955,0.0,175.0,83.0,0.5
1049873444,382760746,414798163.0,4307.67,3.219,16.200000000000045,0.0,175.0,82.0,0.5
1049873445,382761053,414798266.0,4310.63,3.219,16.200000000000045,0.0,175.0,82.0,0.5
1049873451,382762841,414798783.0,4327.97,3.191,16.399999999999977,0.0,175.0,81.0,0.5
1049873457,382764842,414799876.0,4348.5,3.172,16.600000000000023,0.0,175.0,81.0,0.5
1049873463,382766983,414801006.0,4370.48,3.191,16.399999999999977,0.0,176.0,83.0,0.5
1049873470,382768928,414802713.0,4393.16,3.219,15.399999999999975,0.0,175.0,83.0,0.5
1049873471,382769237,414802891.0,4396.36,3.219,15.200000000000044,0.0,175.0,81.0,0.5
1049873479,382771581,414803577.0,4418.76,3.2,15.200000000000044,0.0,173.0,81.0,0.5
1049873486,382773789,414804361.0,4440.36,3.163,17.200000000000045,0.0,173.0,81.0,0.5
1049873492,382775972,414805535.0,4462.75,3.135,18.200000000000045,0.0,174.0,81.0,0.5
1049873495,382776954,414805924.0,4472.38,3.144,18.600000000000023,0.0,174.0,81.0,0.5
1049873502,382779165,414806853.0,4494.25,3.154,19.799999999999955,0.0,175.0,83.0,0.5
1049873509,382781442,414807569.0,4516.12,3.172,19.600000000000023,0.0,174.0,84.0,0.5
1049873515,382783544,414807166.0,4535.27,3.172,20.0,0.0,173.0,84.0,0.5
1049873521,382785641,414806612.0,4555.39,3.172,21.799999999999955,0.0,173.0,84.0,0.0
1049873523,382786324,414806322.0,4562.15,3.172,22.0,0.0,173.0,84.0,0.5
1049873529,382788425,414806334.0,4581.69,3.191,22.0,0.0,175.0,83.0,0.5
1049873535,382790573,414806799.0,4602.15,3.21,21.399999999999977,0.0,175.0,83.0,0.0
1049873536,382790913,414806906.0,4605.43,3.219,21.399999999999977,0.0,176.0,83.0,0.5
1049873542,382792956,414807725.0,4625.48,3.219,20.399999999999977,0.0,176.0,82.0,0.5
1049873546,382794238,414808137.0,4637.84,3.219,20.200000000000045,0.0,176.0,83.0,0.5
1049873553,382796683,414808858.0,4661.25,3.219,21.200000000000045,0.0,175.0,84.0,0.5
1049873555,382797259,414809066.0,4666.85,3.219,21.200000000000045,0.0,174.0,83.0,0.5
1049873562,382799644,414809920.0,4690.01,3.219,19.399999999999977,0.0,173.0,84.0,0.5
1049873567,382801306,414810675.0,4706.56,3.228,18.399999999999977,0.0,173.0,84.0,0.0
1049873573,382803268,414811712.0,4726.61,3.247,17.200000000000045,0.0,173.0,83.0,0.0
1049873576,382804289,414812047.0,4736.47,3.256,16.399999999999977,0.0,173.0,85.0,0.0
1049873583,382806447,414812561.0,4756.95,3.266,16.200000000000045,0.0,174.0,83.0,0.5
1049873590,382808663,414813491.0,4778.82,3.247,16.799999999999955,0.0,173.0,83.0,0.0
1049873596,382810888,414814558.0,4801.14,3.238,20.399999999999977,0.0,174.0,84.0,0.5
1049873598,382811533,414814773.0,4807.37,3.238,19.200000000000045,0.0,175.0,83.0,0.5
1049873604,382813624,414815591.0,4827.88,3.238,15.799999999999956,0.0,176.0,82.0,0.5
1049873605,382813946,414815782.0,4831.22,3.238,15.399999999999975,0.0,176.0,82.0,0.5
1049873611,382816065,414816353.0,4851.72,3.247,14.399999999999975,0.0,176.0,83.0,0.5
1049873612,382816368,414816361.0,4854.54,3.247,14.200000000000044,0.0,176.0,83.0,0.5
1049873618,382818580,414816295.0,4875.11,3.275,13.600000000000025,0.0,176.0,83.0,0.5
1049873622,382820037,414816403.0,4888.69,3.275,14.0,0.0,176.0,83.0,0.5
1049873629,382822416,414816586.0,4910.85,3.284,15.799999999999956,0.0,178.0,82.0,0.5
1049873633,382823758,414816605.0,4923.36,3.294,16.0,0.0,178.0,82.0,0.5
1049873639,382825976,414816931.0,4944.17,3.294,15.600000000000025,0.0,177.0,82.0,0.5
1049873642,382826865,414817228.0,4952.76,3.294,15.399999999999975,0.0,176.0,81.0,0.5
1049873649,382829268,414817939.0,4975.87,3.284,14.799999999999956,0.0,175.0,82.0,0.5
1049873651,382829954,414818080.0,4982.34,3.284,14.399999999999975,0.0,175.0,82.0,0.5
1049873657,382832005,414818632.0,5001.9,3.294,14.0,0.0,175.0,82.0,0.5
1049873661,382833385,414818841.0,5014.83,3.294,13.799999999999956,0.0,176.0,82.0,0.5
1049873667,382835527,414819205.0,5034.97,3.294,13.399999999999975,0.0,177.0,83.0,0.0
1049873670,382836550,414819364.0,5044.56,3.303,13.0,0.0,178.0,83.0,0.5
1049873677,382838984,414820103.0,5067.93,3.312,13.600000000000025,0.0,177.0,83.0,0.5
1049873679,382839674,414820371.0,5074.68,3.322,14.0,0.0,177.0,82.0,0.5
1049873685,382841742,414821255.0,5095.17,3.331,14.799999999999956,0.0,178.0,83.0,0.5
1049873686,382842012,414821336.0,5097.75,3.331,15.0,0.0,178.0,83.0,0.5
1049873688,382842675,414821521.0,5104.09,3.331,14.799999999999956,0.0,178.0,82.0,0.5
1049873694,382844802,414821924.0,5124.31,3.34,14.200000000000044,0.0,179.0,82.0,0.5
1049873695,382845186,414821901.0,5127.89,3.34,13.799999999999956,0.0,179.0,82.0,0.5
1049873702,382847589,414821971.0,5150.3,3.34,13.600000000000025,0.0,179.0,84.0,0.5
1049873704,382848232,414822226.0,5156.61,3.34,14.0,0.0,178.0,82.0,0.5
1049873709,382849825,414822243.0,5171.7,3.331,14.799999999999956,0.0,178.0,83.0,0.5
1049873714,382851480,414822724.0,5187.62,3.303,16.799999999999955,0.0,177.0,83.0,0.5
1049873721,382853872,414823517.0,5210.74,3.294,18.0,0.0,176.0,82.0,0.5
1049873724,382854914,414823766.0,5220.62,3.294,18.200000000000045,0.0,176.0,83.0,0.5
1049873731,382857193,414824539.0,5242.73,3.294,19.200000000000045,0.0,177.0,83.0,0.5
1049873738,382859564,414825401.0,5265.82,3.284,19.799999999999955,0.0,178.0,83.0,0.5
1049873741,382860533,414825866.0,5275.54,3.284,19.600000000000023,0.0,178.0,82.0,0.5
1049873748,382862651,414826896.0,5296.86,3.275,18.200000000000045,0.0,177.0,83.0,0.5
1049873751,382863573,414827350.0,5306.13,3.266,18.0,0.0,176.0,82.0,0.5
1049873758,382865582,414828748.0,5327.83,3.238,18.200000000000045,0.0,176.0,82.0,0.5
1049873761,382866398,414829376.0,5336.89,3.219,18.200000000000045,0.0,176.0,83.0,0.5
1049873768,382868409,414830893.0,5359.12,3.2,17.600000000000023,0.0,175.0,83.0,0.5
1049873769,382868704,414831137.0,5362.47,3.191,17.600000000000023,0.0,175.0,83.0,0.5
1049873776,382870787,414832672.0,5385.38,3.182,17.399999999999977,0.0,175.0,83.0,0.5
1049873783,382872923,414834065.0,5408.15,3.172,16.799999999999955,0.0,176.0,84.0,0.0
1049873784,382873288,414834229.0,5411.78,3.172,16.799999999999955,0.0,176.0,84.0,0.0
1049873791,382875669,414834951.0,5434.68,3.191,15.799999999999956,0.0,178.0,83.0,0.5
1049873798,382877999,414835528.0,5456.83,3.191,16.200000000000045,0.0,178.0,83.0,0.0
1049873801,382879017,414835767.0,5466.48,3.191,16.600000000000023,0.0,178.0,84.0,0.5
1049873808,382881403,414836528.0,5489.46,3.191,16.799999999999955,0.0,178.0,83.0,0.5
1049873811,382882307,414836816.0,5498.17,3.182,17.0,0.0,178.0,82.0,0.5
1049873817,382884495,414837161.0,5518.69,3.191,17.600000000000023,0.0,177.0,84.0,0.5
1049873818,382884759,414837253.0,5521.25,3.191,17.600000000000023,0.0,177.0,83.0,0.5
1049873825,382887113,414838089.0,5544.11,3.2,17.0,0.0,177.0,83.0,0.5
1049873827,382887845,414838270.0,5551.06,3.2,16.399999999999977,0.0,177.0,82.0,0.5
1049873833,382889847,414838994.0,5570.54,3.219,15.0,0.0,178.0,83.0,0.5
1049873840,382891841,414839992.0,5590.71,3.219,14.399999999999975,0.0,178.0,84.0,0.5
1049873842,382892552,414840107.0,5597.37,3.21,14.799999999999956,0.0,178.0,82.0,0.5
1049873849,382894916,414840236.0,5619.73,3.172,17.799999999999955,0.0,178.0,82.0,0.5
1049873850,382895276,414840152.0,5623.14,3.172,18.200000000000045,0.0,178.0,82.0,0.5
1049873855,382897028,414840446.0,5639.97,3.182,19.0,0.0,178.0,83.0,0.5
1049873856,382897264,414840746.0,5643.2,3.182,19.0,0.0,178.0,83.0,0.5
1049873863,382898914,414842850.0,5665.97,3.2,18.600000000000023,0.0,178.0,82.0,0.5
1049873870,382900715,414844825.0,5688.86,3.191,17.600000000000023,0.0,178.0,82.0,0.5
1049873872,382901205,414845369.0,5695.13,3.2,17.399999999999977,0.0,178.0,82.0,0.5
1049873879,382902870,414847350.0,5717.17,3.191,17.600000000000023,0.0,176.0,82.0,0.5
1049873880,382903095,414847634.0,5720.24,3.191,17.600000000000023,0.0,176.0,82.0,0.5
1049873887,382904950,414849468.0,5742.86,3.182,17.799999999999955,0.0,176.0,83.0,0.5
1049873889,382905605,414849702.0,5749.22,3.182,17.799999999999955,0.0,176.0,83.0,0.5
1049873895,382907669,414849510.0,5769.09,3.2,17.399999999999977,0.0,177.0,84.0,0.5
1049873897,382908129,414848950.0,5775.32,3.21,17.200000000000045,0.0,177.0,82.0,0.5
1049873900,382908582,414847739.0,5785.77,3.21,17.200000000000045,0.0,178.0,83.0,0.5
1049873902,382908957,414847057.0,5792.23,3.219,17.200000000000045,0.0,178.0,83.0,0.5
1049873904,382909551,414846688.0,5798.53,3.219,17.200000000000045,0.0,178.0,83.0,0.5
1049873909,382911275,414846832.0,5814.63,3.219,17.399999999999977,0.0,178.0,82.0,0.5
1049873916,382913751,414847204.0,5837.87,3.219,17.799999999999955,0.0,179.0,82.0,0.5
1049873917,382914101,414847294.0,5841.2,3.219,17.799999999999955,0.0,179.0,82.0,0.5
1049873923,382916279,414847778.0,5861.81,3.238,17.600000000000023,0.0,181.0,82.0,0.5
1049873928,382917986,414848301.0,5878.2,3.238,16.799999999999955,0.0,181.0,81.0,0.5
1049873935,382920362,414849076.0,5901.13,3.256,15.600000000000025,0.0,181.0,82.0,0.5
1049873937,382921067,414849278.0,5907.88,3.256,15.200000000000044,0.0,181.0,82.0,0.5
1049873944,382923469,414850032.0,5930.99,3.256,14.799999999999956,0.0,179.0,82.0,0.5
1049873945,382923803,414850163.0,5934.27,3.266,14.799999999999956,0.0,179.0,82.0,0.5
1049873952,382926199,414850685.0,5956.94,3.275,14.799999999999956,0.0,178.0,82.0,0.5
1049873953,382926512,414850804.0,5959.99,3.275,14.799999999999956,0.0,178.0,82.0,0.5
1049873960,382928745,414851868.0,5982.42,3.266,15.0,0.0,178.0,82.0,0.5
1049873962,382929138,414851668.0,5986.53,3.266,14.799999999999956,0.0,178.0,82.0,0.5
1049873965,382928778,414851014.0,5993.21,3.228,14.600000000000025,0.0,177.0,81.0,0.5
1049873968,382927721,414850848.0,6003.13,3.126,14.600000000000025,0.0,176.0,81.0,0.5
1049873970,382926980,414850715.0,6010.09,3.088,14.399999999999975,0.0,176.0,82.0,0.5
1049873976,382924851,414850253.0,6030.2,3.116,14.600000000000025,0.0,176.0,82.0,0.5
1049873980,382923421,414850004.0,6043.63,3.144,14.799999999999956,0.0,177.0,82.0,0.5
1049873986,382921332,414849370.0,6063.68,3.172,14.200000000000044,0.0,177.0,84.0,0.5
1049873992,382919235,414848989.0,6083.39,3.182,13.799999999999956,0.0,178.0,83.0,0.0
1049873999,382916924,414848360.0,6105.48,3.228,12.799999999999956,0.0,179.0,83.0,0.0
1049874002,382915904,414848070.0,6115.24,3.228,12.399999999999975,0.0,179.0,84.0,0.5
1049874009,382913477,414847498.0,6138.29,3.21,12.0,0.0,180.0,83.0,0.5
1049874012,382912400,414847512.0,6148.31,3.21,11.800000000000011,0.0,180.0,83.0,0.5
1049874019,382910012,414847110.0,6170.74,3.21,11.0,0.0,179.0,83.0,0.5
1049874020,382909724,414847105.0,6173.43,3.21,10.800000000000011,0.0,179.0,83.0,0.5
1049874025,382908233,414847619.0,6188.33,3.21,9.800000000000011,0.0,180.0,85.0,0.5
1049874026,382908090,414847992.0,6191.57,3.21,9.600000000000025,0.0,179.0,85.0,0.5
1049874028,382907685,414848709.0,6198.51,3.21,9.199999999999989,0.0,179.0,83.0,0.0
1049874030,382907066,414849324.0,6206.09,3.21,9.199999999999989,0.0,179.0,83.0,0.5
1049874036,382904920,414849826.0,6226.79,3.266,11.199999999999989,0.0,179.0,83.0,0.5
1049874042,382903132,414848524.0,6246.8,3.284,12.0,0.0,178.0,83.0,0.5
1049874049,382901447,414846317.0,6270.25,3.284,12.600000000000025,0.0,178.0,82.0,0.5
1049874051,382900943,414845715.0,6276.93,3.284,12.0,0.0,178.0,82.0,0.5
1049874057,382899290,414844036.0,6297.27,3.294,11.199999999999989,0.0,178.0,83.0,0.5
1049874062,382897958,414842725.0,6313.46,3.294,11.0,0.0,179.0,82.0,0.5
1049874068,382896721,414840890.0,6332.11,3.284,11.0,0.0,180.0,82.0,0.5
1049874072,382895513,414840294.0,6344.58,3.275,11.0,0.0,180.0,84.0,0.5
1049874078,382893409,414840386.0,6364.19,3.266,11.199999999999989,0.0,180.0,85.0,0.5
1049874084,382891331,414840100.0,6383.8,3.275,12.200000000000044,0.0,181.0,83.0,0.5
1049874090,382889278,414839318.0,6404.37,3.284,13.799999999999956,0.0,181.0,83.0,0.5
1049874097,382886970,414838395.0,6427.07,3.303,13.600000000000025,0.0,181.0,82.0,0.5
1049874098,382886645,414838268.0,6430.25,3.303,13.399999999999975,0.0,181.0,82.0,0.5
1049874105,382884329,414837324.0,6453.04,3.294,13.0,0.0,181.0,83.0,0.5
1049874108,382883284,414836949.0,6463.19,3.294,13.600000000000025,0.0,181.0,83.0,0.5
1049874115,382880922,414836270.0,6485.8,3.294,15.0,0.0,181.0,83.0,0.5
1049874117,382880263,414836122.0,6492.03,3.294,15.0,0.0,181.0,83.0,0.5
1049874123,382878127,414835670.0,6512.22,3.294,15.200000000000044,0.0,181.0,83.0,0.5
1049874128,382876425,414835281.0,6528.32,3.303,15.200000000000044,0.0,181.0,83.0,0.5
1049874135,382873987,414834739.0,6551.37,3.312,14.399999999999975,0.0,181.0,83.0,0.0
1049874138,382872941,414834522.0,6561.24,3.312,14.399999999999975,0.0,181.0,84.0,0.5
1049874144,382870930,414833521.0,6581.62,3.322,14.0,0.0,182.0,85.0,0.0
1049874146,382870350,414833066.0,6588.06,3.331,13.799999999999956,0.0,182.0,84.0,0.5
1049874153,382868096,414831852.0,6611.13,3.34,13.0,0.0,182.0,84.0,0.5
1049874160,382866009,414830265.0,6634.19,3.35,12.0,0.0,182.0,83.0,0.5
1049874167,382864012,414828570.0,6657.01,3.34,10.800000000000011,0.0,182.0,83.0,0.5
1049874169,382863403,414828189.0,6663.4,3.34,10.800000000000011,0.0,182.0,83.0,0.5
1049874176,382861188,414827009.0,6686.0,3.331,9.800000000000011,0.0,182.0,83.0,0.0
1049874177,382860872,414826814.0,6689.3,3.331,9.800000000000011,0.0,182.0,83.0,0.0
1049874184,382858646,414825624.0,6712.03,3.331,11.199999999999989,0.0,182.0,82.0,0.5
1049874189,382857033,414824910.0,6728.05,3.331,13.0,0.0,181.0,83.0,0.5
1049874196,382854766,414824080.0,6750.13,3.331,14.600000000000025,0.0,181.0,82.0,0.5
1049874198,382854122,414823898.0,6756.28,3.322,14.799999999999956,0.0,180.0,82.0,0.5
1049874205,382851814,414823179.0,6778.48,3.312,14.799999999999956,0.0,179.0,83.0,0.0
1049874207,382851131,414823016.0,6784.97,3.303,14.600000000000025,0.0,180.0,84.0,0.5
1049874214,382848799,414822550.0,6806.98,3.284,14.399999999999975,0.0,179.0,83.0,0.5
1049874217,382847819,414822230.0,6816.43,3.284,14.399999999999975,0.0,179.0,83.0,0.5
1049874224,382845459,414821935.0,6838.69,3.266,16.0,0.0,179.0,83.0,0.5
1049874225,382845097,414821990.0,6842.08,3.266,16.0,0.0,179.0,83.0,0.0
1049874232,382842687,414821569.0,6864.97,3.256,15.0,0.0,179.0,83.0,0.0
1049874239,382840355,414820727.0,6887.7,3.256,14.600000000000025,0.0,179.0,83.0,0.5
1049874240,382840049,414820543.0,6890.89,3.256,14.600000000000025,0.0,179.0,83.0,0.5
1049874247,382837779,414819488.0,6913.62,3.256,14.399999999999975,0.0,181.0,83.0,0.0
1049874250,382836771,414819242.0,6923.2,3.256,14.0,0.0,181.0,84.0,0.5
1049874257,382834382,414818660.0,6945.9,3.256,13.600000000000025,0.0,181.0,84.0,0.5
1049874260,382833348,414818560.0,6955.55,3.256,13.600000000000025,0.0,181.0,83.0,0.0
1049874267,382830867,414818591.0,6978.68,3.256,14.399999999999975,0.0,181.0,85.0,0.5
1049874268,382830512,414818551.0,6981.98,3.256,14.799999999999956,0.0,181.0,85.0,0.5
1049874274,382828459,414818014.0,7001.57,3.247,16.799999999999955,0.0,181.0,83.0,0.5
1049874276,382827748,414817827.0,7008.33,3.247,17.0,0.0,181.0,83.0,0.5
1049874282,382825606,414817286.0,7028.7,3.247,16.600000000000023,0.0,182.0,84.0,0.5
1049874285,382824569,414817179.0,7038.39,3.256,16.799999999999955,0.0,182.0,83.0,0.0
1049874292,382822158,414816834.0,7060.95,3.266,15.399999999999975,0.0,182.0,84.0,0.5
1049874294,382821465,414816814.0,7067.4,3.266,14.799999999999956,0.0,182.0,84.0,0.0
1049874301,382818990,414816612.0,7090.45,3.266,15.0,0.0,182.0,84.0,0.0
1049874302,382818642,414816599.0,7093.7,3.266,15.200000000000044,0.0,182.0,84.0,0.0
1049874309,382816159,414816381.0,7116.88,3.256,15.600000000000025,0.0,182.0,83.0,0.5
1049874311,382815482,414816313.0,7123.19,3.256,16.0,0.0,182.0,85.0,0.0
1049874318,382813069,414816060.0,7146.06,3.256,17.399999999999977,0.0,181.0,84.0,0.0
1049874319,382812743,414815873.0,7149.44,3.256,17.600000000000023,0.0,180.0,84.0,0.0
1049874325,382810608,414815039.0,7170.36,3.256,19.200000000000045,0.0,180.0,84.0,0.0
1049874326,382810304,414814862.0,7173.49,3.256,19.799999999999955,0.0,180.0,84.0,0.0
1049874332,382808165,414814325.0,7193.83,3.266,23.399999999999977,0.0,180.0,84.0,0.0
1049874338,382806013,414814013.0,7214.12,3.275,25.399999999999977,0.0,181.0,84.0,0.5
1049874339,382805590,414813946.0,7218.07,3.275,25.600000000000023,0.0,181.0,84.0,0.5
1049874345,382803586,414813038.0,7238.05,3.275,26.600000000000023,0.0,182.0,85.0,0.5
1049874350,382801514,414811879.0,7259.36,3.294,27.399999999999977,0.0,182.0,84.0,0.0
1049874353,382800369,414811180.0,7271.38,3.322,27.399999999999977,0.0,182.0,85.0,0.5
1049874361,382798117,414810449.0,7293.92,3.387,26.600000000000023,0.0,181.0,84.0,0.5
1049874362,382797900,414810237.0,7296.53,3.387,26.600000000000023,0.0,181.0,84.0,0.5
1049874369,382795955,414809375.0,7315.93,3.294,25.200000000000045,0.0,181.0,85.0,0.5
1049874376,382793548,414808831.0,7338.75,3.256,23.200000000000045,0.0,180.0,84.0,0.5
1049874377,382793223,414808732.0,7341.87,3.256,22.600000000000023,0.0,180.0,84.0,0.5
1049874384,382790888,414807801.0,7364.8,3.284,20.200000000000045,0.0,179.0,85.0,0.5
1049874388,382789470,414807518.0,7378.25,3.294,20.0,0.0,179.0,84.0,0.0
1049874394,382787558,414807496.0,7396.07,3.247,21.600000000000023,0.0,179.0,84.0,0.0
1049874401,382785087,414807929.0,7419.36,3.238,20.799999999999955,0.0,181.0,83.0,0.0
1049874404,382783996,414808301.0,7429.93,3.238,19.200000000000045,0.0,181.0,84.0,0.5
1049874410,382781872,414808642.0,7450.07,3.256,15.799999999999956,0.0,181.0,85.0,0.0
1049874416,382779690,414808009.0,7470.89,3.256,17.399999999999977,0.0,181.0,84.0,0.0
1049874419,382778688,414807612.0,7480.68,3.247,18.200000000000045,0.0,181.0,83.0,0.5
1049874425,382776609,414806718.0,7501.21,3.219,21.0,0.0,181.0,83.0,0.0
1049874427,382775822,414806394.0,7508.94,3.219,21.600000000000023,0.0,182.0,84.0,0.0
1049874433,382773687,414805549.0,7529.89,3.228,23.600000000000023,0.0,182.0,83.0,0.5
1049874434,382773340,414805460.0,7533.19,3.228,23.799999999999955,0.0,182.0,84.0,0.5
1049874440,382771353,414804430.0,7553.31,3.247,24.600000000000023,0.0,181.0,84.0,0.0
1049874444,382769939,414803945.0,7567.06,3.247,24.799999999999955,0.0,181.0,83.0,0.5
1049874451,382767592,414803039.0,7590.02,3.256,26.600000000000023,0.0,181.0,83.0,0.5
1049874453,382766965,414802858.0,7596.03,3.256,27.799999999999955,0.0,180.0,83.0,0.0
1049874459,382764924,414801907.0,7616.34,3.266,29.600000000000023,0.0,179.0,83.0,0.5
1049874461,382764242,414801781.0,7622.77,3.266,30.0,0.0,179.0,83.0,0.0
1049874467,382762399,414800294.0,7643.55,3.294,30.399999999999977,0.0,178.0,83.0,0.0
1049874474,382760357,414798884.0,7665.63,3.331,30.0,0.0,179.0,83.0,0.5
1049874481,382758305,414797920.0,7686.2,3.303,28.0,0.0,182.0,83.0,0.5
1049874483,382757744,414797516.0,7692.31,3.294,27.799999999999955,0.0,182.0,82.0,0.5
1049874490,382755541,414796200.0,7715.29,3.247,28.399999999999977,0.0,183.0,82.0,0.5
1049874491,382755224,414796046.0,7718.48,3.247,28.399999999999977,0.0,182.0,83.0,0.0
1049874497,382753195,414795035.0,7739.01,3.238,27.600000000000023,0.0,182.0,83.0,0.0
1049874501,382751948,414794229.0,7752.24,3.238,26.799999999999955,0.0,182.0,84.0,0.5
1049874507,382749862,414793449.0,7772.58,3.256,27.0,0.0,182.0,83.0,0.5
1049874509,382749237,414793231.0,7778.63,3.256,27.0,0.0,182.0,83.0,0.5
1049874516,382746911,414792516.0,7801.01,3.275,27.200000000000045,0.0,182.0,83.0,0.5
1049874521,382745263,414792217.0,7816.58,3.275,26.200000000000045,0.0,182.0,83.0,0.0
1049874528,382742964,414792302.0,7837.79,3.266,24.200000000000045,0.0,181.0,82.0,0.5
1049874530,382742285,414792385.0,7844.13,3.256,23.600000000000023,0.0,181.0,83.0,0.5
1049874537,382740024,414791976.0,7865.51,3.247,21.600000000000023,0.0,181.0,84.0,0.0
1049874544,382737569,414791396.0,7888.82,3.238,19.399999999999977,0.0,182.0,82.0,0.5
1049874545,382737176,414791263.0,7892.61,3.238,19.200000000000045,0.0,182.0,83.0,0.5
1049874552,382734766,414790858.0,7915.34,3.256,18.799999999999955,0.0,183.0,82.0,0.5
1049874553,382734379,414790688.0,7919.16,3.256,18.799999999999955,0.0,183.0,84.0,0.5
1049874560,382732052,414789742.0,7942.05,3.247,19.399999999999977,0.0,183.0,83.0,0.5
1049874564,382730711,414789422.0,7954.75,3.247,19.799999999999955,0.0,182.0,81.0,0.5
1049874571,382728427,414788548.0,7977.13,3.238,19.399999999999977,0.0,182.0,83.0,0.0
1049874574,382727404,414788257.0,7986.89,3.238,18.600000000000023,0.0,182.0,83.0,0.5
1049874578,382726043,414787698.0,8000.29,3.228,18.0,140.0,181.0,82.0,0.5
1049874585,382723639,414787236.0,8022.87,3.238,17.799999999999955,0.0,181.0,83.0,0.0
1049874592,382721302,414786494.0,8045.39,3.228,17.799999999999955,0.0,181.0,83.0,0.5
1049874595,382720278,414786194.0,8055.17,3.228,18.399999999999977,0.0,181.0,82.0,0.5
1049874601,382718193,414785560.0,8075.19,3.238,20.799999999999955,0.0,182.0,81.0,0.5
1049874606,382716467,414785252.0,8091.46,3.247,24.799999999999955,0.0,182.0,83.0,0.5
1049874613,382714055,414785027.0,8114.05,3.256,28.799999999999955,0.0,183.0,84.0,0.5
1049874614,382713743,414784965.0,8116.99,3.266,29.0,0.0,184.0,83.0,0.5
1049874621,382711415,414784642.0,8138.76,3.247,27.0,0.0,184.0,83.0,0.5
1049874622,382711084,414784590.0,8141.85,3.247,26.600000000000023,0.0,184.0,82.0,0.5
1049874629,382708680,414783998.0,8164.66,3.238,22.799999999999955,0.0,184.0,82.0,0.5
1049874632,382707684,414783701.0,8174.18,3.238,21.799999999999955,0.0,184.0,81.0,0.5
1049874639,382705481,414782401.0,8197.21,3.238,17.600000000000023,0.0,184.0,82.0,0.5
1049874646,382703222,414781370.0,8219.86,3.228,15.600000000000025,0.0,184.0,83.0,0.0
1049874647,382702899,414781217.0,8223.08,3.228,15.600000000000025,0.0,184.0,83.0,0.5
1049874653,382700905,414780173.0,8243.41,3.228,16.200000000000045,0.0,184.0,82.0,0.5
1049874657,382699612,414779342.0,8257.08,3.238,16.600000000000023,0.0,182.0,83.0,0.5
1049874663,382697474,414778532.0,8277.91,3.266,17.0,0.0,183.0,83.0,0.5
1049874666,382696475,414778174.0,8287.6,3.275,16.0,0.0,182.0,82.0,0.5
1049874673,382694308,414777028.0,8309.68,3.284,11.600000000000025,0.0,182.0,83.0,0.5
1049874676,382693363,414776439.0,8319.64,3.284,11.600000000000025,0.0,182.0,83.0,0.5
1049874682,382691421,414775179.0,8340.26,3.284,12.399999999999975,0.0,182.0,83.0,0.0
1049874684,382690774,414774864.0,8346.77,3.294,12.799999999999956,0.0,182.0,84.0,0.0
1049874691,382688699,414773992.0,8367.26,3.284,13.0,0.0,183.0,83.0,0.5
1049874692,382688357,414773930.0,8370.48,3.275,13.0,0.0,183.0,83.0,0.5
1049874699,382686048,414773417.0,8392.28,3.256,10.800000000000011,0.0,183.0,83.0,0.5
1049874702,382685019,414773255.0,8401.94,3.256,10.199999999999989,0.0,183.0,83.0,0.5
1049874709,382682739,414772346.0,8424.34,3.247,13.0,0.0,182.0,84.0,0.5
1049874715,382680810,414771631.0,8443.24,3.228,21.600000000000023,0.0,182.0,84.0,0.5
1049874721,382678562,414771127.0,8464.5,3.21,22.0,0.0,181.0,84.0,0.5
1049874725,382677184,414770924.0,8477.41,3.219,20.799999999999955,0.0,181.0,82.0,0.5
1049874732,382674955,414769909.0,8499.65,3.21,18.399999999999977,0.0,181.0,83.0,0.0
1049874734,382674312,414769606.0,8506.09,3.2,17.799999999999955,0.0,182.0,82.0,0.5
1049874741,382672064,414768433.0,8529.11,3.21,15.399999999999975,0.0,181.0,83.0,0.0
1049874747,382669927,414767833.0,8549.46,3.219,15.600000000000025,0.0,181.0,83.0,0.5
1049874750,382668698,414767915.0,8560.68,3.228,16.399999999999977,0.0,181.0,84.0,0.0
1049874756,382666922,414767037.0,8578.65,3.238,15.799999999999956,0.0,181.0,83.0,0.5
1049874762,382664785,414766238.0,8599.48,3.228,15.600000000000025,0.0,181.0,82.0,0.5
1049874763,382664477,414766066.0,8602.61,3.228,15.600000000000025,0.0,181.0,83.0,0.0
1049874770,382662300,414764745.0,8625.29,3.238,15.200000000000044,0.0,181.0,83.0,0.0
1049874772,382661686,414764491.0,8631.34,3.247,14.0,0.0,181.0,83.0,0.5
1049874779,382659532,414763270.0,8653.19,3.228,11.600000000000025,0.0,182.0,84.0,0.5
1049874781,382658702,414763060.0,8661.05,3.228,11.199999999999989,0.0,181.0,84.0,0.5
1049874787,382656650,414762293.0,8681.11,3.228,12.399999999999975,0.0,182.0,84.0,0.5
1049874789,382656120,414761985.0,8686.5,3.228,12.799999999999956,0.0,182.0,83.0,0.5
1049874795,382654356,414760921.0,8704.86,3.21,11.0,0.0,182.0,83.0,0.5
1049874802,382652051,414760060.0,8727.39,3.2,7.199999999999989,0.0,182.0,84.0,0.5
1049874803,382651733,414759978.0,8730.42,3.2,7.199999999999989,0.0,182.0,83.0,0.5
1049874809,382649740,414759592.0,8749.38,3.2,9.399999999999975,0.0,182.0,83.0,0.5
1049874816,382647352,414758974.0,8772.26,3.191,9.600000000000025,0.0,181.0,84.0,0.5
1049874822,382645303,414758410.0,8791.84,3.191,9.800000000000011,0.0,178.0,83.0,0.5
1049874824,382644647,414758188.0,8798.18,3.191,9.800000000000011,0.0,177.0,83.0,0.5
1049874830,382642430,414757478.0,8819.54,3.21,10.800000000000011,0.0,180.0,83.0,0.5
1049874834,382641114,414756888.0,8832.64,3.219,10.800000000000011,0.0,180.0,82.0,0.5
1049874841,382638934,414756135.0,8853.71,3.238,11.0,0.0,181.0,82.0,0.5
1049874843,382638308,414755892.0,8859.83,3.228,10.600000000000025,0.0,181.0,83.0,0.0
1049874850,382635946,414755143.0,8882.61,3.21,6.800000000000011,0.0,181.0,83.0,0.0
1049874851,382635621,414754963.0,8885.95,3.21,6.600000000000023,0.0,181.0,83.0,0.5
1049874858,382633374,414754266.0,8907.47,3.21,7.600000000000023,0.0,180.0,82.0,0.5
1049874859,382633022,414754141.0,8910.89,3.21,7.800000000000011,0.0,180.0,83.0,0.5
1049874866,382630755,414753202.0,8933.23,3.2,6.399999999999977,0.0,181.0,83.0,0.5
1049874867,382630433,414753077.0,8936.39,3.2,6.399999999999977,0.0,181.0,83.0,0.5
1049874874,382628091,414752186.0,8959.32,3.21,6.800000000000011,0.0,183.0,83.0,0.5
1049874877,382626941,414751752.0,8970.49,3.21,7.199999999999989,0.0,183.0,82.0,0.5
1049874884,382624737,414750800.0,8992.28,3.219,4.800000000000011,0.0,184.0,83.0,0.5
1049874887,382623681,414750253.0,9002.98,3.219,4.199999999999989,0.0,184.0,83.0,0.5
1049874892,382621810,414749986.0,9020.37,3.228,2.6000000000000227,0.0,184.0,83.0,0.0
1049874898,382619652,414749298.0,9041.12,3.238,4.399999999999977,0.0,184.0,84.0,0.5
1049874900,382618899,414749038.0,9048.42,3.247,5.399999999999977,0.0,183.0,84.0,0.0
1049874906,382616725,414748199.0,9069.68,3.266,8.800000000000011,0.0,183.0,84.0,0.5
1049874909,382615612,414747726.0,9080.68,3.284,9.800000000000011,0.0,183.0,83.0,0.0
1049874915,382613396,414747065.0,9102.05,3.331,10.399999999999975,0.0,184.0,83.0,0.5
1049874916,382613027,414746961.0,9105.57,3.34,10.199999999999989,0.0,184.0,83.0,0.0
1049874922,382611018,414745916.0,9125.93,3.378,4.800000000000011,0.0,184.0,83.0,0.5
1049874924,382610379,414745590.0,9132.4,3.378,3.8000000000000114,0.0,185.0,83.0,0.0
1049874930,382607872,414745059.0,9155.91,3.396,4.800000000000011,0.0,186.0,83.0,0.0
1049874932,382606849,414744714.0,9165.73,3.396,6.399999999999977,0.0,185.0,83.0,0.5
1049874938,382604933,414743375.0,9186.42,3.49,10.800000000000011,0.0,187.0,83.0,0.0
1049874939,382604539,414743207.0,9190.32,3.499,11.199999999999989,0.0,187.0,83.0,0.0
1049874945,382601984,414742539.0,9214.53,3.574,15.200000000000044,0.0,187.0,82.0,0.5
1049874949,382600345,414742183.0,9230.07,3.546,17.200000000000045,0.0,187.0,84.0,0.5
1049874955,382598172,414740954.0,9252.39,3.564,19.0,0.0,187.0,84.0,0.0
1049874957,382597399,414740720.0,9259.77,3.592,19.600000000000023,0.0,187.0,84.0,0.5
1049874963,382595183,414740018.0,9281.18,3.63,22.200000000000045,0.0,188.0,84.0,0.5
1049874964,382594829,414739846.0,9284.73,3.611,22.600000000000023,0.0,187.0,84.0,0.5
1049874971,382592417,414739055.0,9308.07,3.602,21.600000000000023,0.0,187.0,85.0,0.0
1049874973,382591756,414738815.0,9314.51,3.602,21.399999999999977,0.0,187.0,84.0,0.5
1049874979,382589800,414738415.0,9333.32,3.546,20.600000000000023,0.0,187.0,85.0,0.5
1049874985,382587380,414737816.0,9356.58,3.546,20.399999999999977,0.0,187.0,84.0,0.5
1049874991,382585245,414736946.0,9377.67,3.602,21.0,0.0,187.0,83.0,0.5
1049874992,382584878,414736884.0,9381.09,3.602,21.200000000000045,0.0,187.0,83.0,0.5
1049874998,382582725,414736107.0,9402.06,3.592,22.200000000000045,0.0,188.0,83.0,0.0
1049875000,382581988,414735794.0,9409.33,3.583,22.399999999999977,0.0,188.0,83.0,0.5
1049875006,382579741,414735020.0,9431.12,3.583,23.399999999999977,0.0,188.0,84.0,0.0
1049875010,382578273,414734510.0,9445.36,3.602,25.200000000000045,0.0,188.0,83.0,0.5
1049875016,382576030,414734030.0,9466.56,3.611,25.600000000000023,0.0,188.0,83.0,0.5
1049875019,382574911,414733835.0,9477.06,3.611,25.399999999999977,0.0,188.0,83.0,0.0
1049875025,382573171,414732663.0,9496.66,3.602,22.600000000000023,0.0,188.0,83.0,0.5
1049875031,382572195,414730047.0,9519.19,3.602,19.200000000000045,0.0,188.0,83.0,0.5
1049875033,382571815,414729231.0,9526.55,3.602,19.0,0.0,188.0,82.0,0.5
1049875039,382570909,414726609.0,9548.92,3.611,19.399999999999977,0.0,188.0,83.0,0.5
1049875042,382570504,414725358.0,9559.5,3.63,20.200000000000045,0.0,188.0,82.0,0.5
1049875048,382569482,414722984.0,9580.58,3.639,21.399999999999977,0.0,188.0,82.0,0.5
1049875051,382568947,414721778.0,9591.37,3.639,22.200000000000045,0.0,188.0,84.0,0.5
1049875057,382567943,414719304.0,9613.15,3.648,22.600000000000023,0.0,187.0,83.0,0.5
1049875059,382567516,414718555.0,9620.28,3.658,22.799999999999955,0.0,187.0,84.0,0.5
1049875065,382566025,414716691.0,9640.63,3.667,22.799999999999955,0.0,187.0,83.0,0.5
1049875068,382565103,414715924.0,9651.12,3.667,22.600000000000023,0.0,187.0,83.0,0.5
1049875074,382563180,414714654.0,9671.63,3.648,21.600000000000023,0.0,187.0,83.0,0.5
1049875077,382562178,414714113.0,9681.88,3.648,21.0,0.0,187.0,83.0,0.0
1049875083,382560150,414712961.0,9702.83,3.648,20.200000000000045,0.0,187.0,83.0,0.5
1049875084,382559808,414712865.0,9706.1,3.648,20.200000000000045,0.0,187.0,83.0,0.5
1049875090,382557556,414712377.0,9727.38,3.63,18.799999999999955,0.0,187.0,84.0,0.5
1049875091,382557164,414712303.0,9731.07,3.63,18.399999999999977,0.0,187.0,83.0,0.5
1049875097,382554943,414711810.0,9752.08,3.62,16.399999999999977,0.0,187.0,83.0,0.5
1049875102,382553141,414711188.0,9769.55,3.62,16.0,0.0,187.0,83.0,0.5
1049875108,382550976,414710792.0,9789.97,3.611,16.399999999999977,0.0,187.0,82.0,0.5
1049875110,382550198,414710728.0,9797.21,3.602,16.600000000000023,0.0,187.0,83.0,0.5
1049875115,382548358,414710587.0,9814.41,3.592,16.0,0.0,187.0,83.0,0.0
1049875121,382546215,414710054.0,9834.77,3.583,15.0,0.0,187.0,82.0,0.5
1049875126,382544655,414709389.0,9850.23,3.536,14.799999999999956,0.0,186.0,81.0,0.5
1049875132,382543050,414707567.0,9871.02,3.499,14.799999999999956,0.0,187.0,83.0,0.5
1049875138,382541548,414705519.0,9892.41,3.49,14.600000000000025,0.0,186.0,82.0,0.5
1049875140,382540957,414705007.0,9899.25,3.49,14.799999999999956,0.0,186.0,83.0,0.5
1049875146,382538868,414703965.0,9920.37,3.499,14.600000000000025,0.0,186.0,84.0,0.5
1049875147,382538531,414703820.0,9923.7,3.499,14.600000000000025,0.0,186.0,84.0,0.5
1049875153,382536435,414702829.0,9944.71,3.499,14.399999999999975,0.0,186.0,83.0,0.5
1049875155,382535699,414702531.0,9951.95,3.499,14.200000000000044,0.0,186.0,83.0,0.5
1049875161,382533558,414701720.0,9972.84,3.499,14.0,0.0,186.0,84.0,0.5
1049875165,382532221,414701052.0,9986.38,3.499,14.200000000000044,0.0,187.0,83.0,0.0
1049875170,382530546,414700298.0,10003.06,3.49,14.399999999999975,0.0,187.0,83.0,0.5
1049875174,382529112,414699790.0,10016.98,3.48,14.399999999999975,0.0,187.0,83.0,0.5
1049875180,382526924,414699398.0,10037.57,3.471,15.399999999999975,0.0,187.0,83.0,0.5
1049875181,382526561,414699383.0,10040.94,3.471,15.600000000000025,0.0,187.0,83.0,0.5
1049875187,382524167,414699678.0,10063.31,3.462,16.0,0.0,187.0,83.0,0.0
1049875193,382521943,414700395.0,10084.8,3.471,15.399999999999975,0.0,187.0,82.0,0.5
1049875195,382521223,414700764.0,10092.1,3.48,15.200000000000044,0.0,187.0,82.0,0.5
1049875201,382519225,414702110.0,10113.55,3.49,15.399999999999975,0.0,187.0,83.0,0.0
1049875203,382518585,414702546.0,10120.43,3.49,15.600000000000025,0.0,187.0,84.0,0.0
1049875209,382517005,414703685.0,10138.14,3.48,16.399999999999977,0.0,187.0,83.0,0.0
1049875213,382517566,414705149.0,10150.99,3.424,17.200000000000045,0.0,187.0,82.0,0.5
1049875219,382518829,414707309.0,10171.74,3.331,18.399999999999977,0.0,186.0,84.0,0.5
1049875222,382519419,414708402.0,10181.97,3.331,19.0,0.0,185.0,82.0,0.5
1049875228,382520599,414710586.0,10202.44,3.312,20.200000000000045,0.0,186.0,83.0,0.5
1049875231,382521289,414711641.0,10212.96,3.34,20.799999999999955,0.0,185.0,84.0,0.0
1049875237,382522911,414713462.0,10234.03,3.359,21.0,0.0,185.0,82.0,0.5
1049875239,382523599,414713759.0,10240.86,3.359,20.600000000000023,0.0,186.0,83.0,0.5
1049875246,382525786,414714960.0,10263.46,3.35,19.399999999999977,0.0,185.0,83.0,0.5
1049875253,382528125,414715836.0,10286.32,3.312,18.0,0.0,185.0,82.0,0.5
1049875259,382530205,414716715.0,10306.88,3.294,17.0,0.0,185.0,82.0,0.5
1049875261,382530936,414716965.0,10313.95,3.303,16.600000000000023,0.0,184.0,83.0,0.5
1049875268,382533248,414717989.0,10336.91,3.322,15.200000000000044,0.0,184.0,83.0,0.5
1049875274,382535348,414718813.0,10357.47,3.312,14.399999999999975,0.0,184.0,82.0,0.5
1049875277,382536393,414719337.0,10368.03,3.312,14.200000000000044,0.0,185.0,83.0,0.5
1049875283,382538620,414720137.0,10389.75,3.34,14.200000000000044,0.0,185.0,84.0,0.0
1049875284,382538952,414720239.0,10392.94,3.34,14.200000000000044,0.0,185.0,84.0,0.5
1049875285,382539249,414720157.0,10395.76,3.35,14.200000000000044,0.0,185.0,84.0,0.5
1049875287,382539498,414719583.0,10400.99,3.35,14.200000000000044,0.0,185.0,83.0,0.5
1049875291,382539562,414717731.0,10415.64,3.34,15.0,0.0,185.0,84.0,0.5
1049875297,382540532,414715173.0,10437.64,3.35,16.0,0.0,186.0,81.0,0.5
1049875303,382541644,414712755.0,10459.37,3.378,16.799999999999955,0.0,187.0,83.0,0.0
1049875305,382542055,414712018.0,10466.35,3.387,17.0,0.0,187.0,84.0,0.0
1049875311,382543053,414709575.0,10487.93,3.406,16.799999999999955,0.0,187.0,82.0,0.5
1049875312,382543090,414709105.0,10491.66,3.415,16.799999999999955,0.0,187.0,82.0,0.5
1049875318,382542509,414706364.0,10514.36,3.452,16.799999999999955,0.0,188.0,82.0,0.5
1049875323,382540829,414704926.0,10533.81,3.49,16.799999999999955,0.0,188.0,83.0,0.0
1049875329,382538623,414703760.0,10556.32,3.527,16.200000000000045,0.0,188.0,82.0,0.5
1049875332,382537479,414703222.0,10567.78,3.546,15.600000000000025,0.0,188.0,82.0,0.5
1049875338,382535109,414702356.0,10590.86,3.583,13.799999999999956,0.0,188.0,81.0,0.5
1049875342,382533599,414701758.0,10605.7,3.602,13.200000000000044,0.0,189.0,83.0,0.5
1049875348,382531380,414700578.0,10628.38,3.62,12.0,0.0,189.0,82.0,0.5
1049875350,382530594,414700342.0,10635.92,3.62,11.600000000000025,0.0,190.0,83.0,0.5
1049875356,382528171,414699728.0,10659.02,3.648,11.399999999999975,0.0,189.0,83.0,0.5
1049875357,382527756,414699674.0,10662.9,3.658,11.399999999999975,0.0,189.0,83.0,0.5
1049875363,382525302,414699527.0,10685.74,3.686,12.399999999999975,0.0,190.0,83.0,0.5
1049875366,382524095,414699509.0,10696.97,3.695,13.399999999999975,0.0,190.0,83.0,0.5
1049875372,382521634,414700276.0,10720.99,3.714,14.0,0.0,190.0,83.0,0.5
1049875377,382519813,414701634.0,10741.05,3.751,14.0,0.0,190.0,82.0,0.5
1049875381,382518370,414702721.0,10757.03,3.779,13.799999999999956,0.0,190.0,83.0,0.5
1049875387,382516090,414703516.0,10779.49,3.816,15.399999999999975,0.0,190.0,82.0,0.5
1049875392,382514344,414702547.0,10797.46,3.816,16.799999999999955,0.0,190.0,82.0,0.5
1049875398,382512170,414701367.0,10819.84,3.816,15.200000000000044,0.0,191.0,82.0,0.5
1049875403,382510258,414701542.0,10838.12,3.807,14.399999999999975,0.0,191.0,82.0,0.5
1049875409,382508172,414703105.0,10861.16,3.816,14.799999999999956,0.0,191.0,83.0,0.5
1049875411,382507509,414703682.0,10868.84,3.816,15.0,0.0,191.0,82.0,0.5
1049875416,382505712,414704706.0,10887.8,3.826,16.399999999999977,0.0,192.0,84.0,0.5
1049875417,382505339,414704610.0,10891.36,3.826,16.600000000000023,0.0,192.0,84.0,0.5
1049875423,382503173,414703187.0,10914.41,3.835,16.799999999999955,0.0,191.0,83.0,0.5
1049875424,382502809,414702903.0,10918.47,3.835,16.799999999999955,0.0,191.0,83.0,0.5
1049875429,382501524,414700888.0,10938.56,3.835,16.399999999999977,0.0,191.0,83.0,0.5
1049875434,382500221,414699284.0,10956.84,3.854,16.399999999999977,0.0,191.0,83.0,0.5
1049875440,382498023,414698048.0,10979.66,3.854,14.600000000000025,0.0,191.0,82.0,0.5
1049875441,382497724,414697740.0,10983.37,3.854,14.200000000000044,0.0,191.0,82.0,0.5
1049875446,382496519,414695820.0,11002.33,3.844,13.200000000000044,0.0,191.0,83.0,0.5
1049875448,382496150,414694992.0,11009.72,3.844,13.0,0.0,191.0,82.0,0.5
1049875453,382495706,414693805.0,11020.01,2.837,12.799999999999956,0.0,191.0,83.0,0.5
1049875464,382495166,414692327.0,11032.92,1.334,13.399999999999975,0.0,190.0,52.0,0.0
1049875468,382494815,414691650.0,11039.19,1.39,13.0,0.0,187.0,76.0,0.0
1049875470,382494610,414691273.0,11042.73,1.428,12.799999999999956,0.0,184.0,76.0,0.0
1049875474,382493910,414690679.0,11050.8,1.558,12.799999999999956,0.0,182.0,79.0,0.5
1049875484,382491808,414689599.0,11072.12,1.847,12.799999999999956,0.0,181.0,79.0,0.5
1049875485,382491578,414689505.0,11074.39,1.866,12.799999999999956,0.0,180.0,79.0,0.5
1049875494,382489420,414688541.0,11095.88,2.015,12.600000000000025,0.0,178.0,80.0,0.5
1049875495,382489155,414688469.0,11098.4,2.034,12.600000000000025,0.0,178.0,80.0,0.5
1049875503,382487007,414687738.0,11119.18,2.37,12.600000000000025,0.0,178.0,82.0,0.5
1049875506,382486152,414687713.0,11127.15,2.473,13.0,0.0,178.0,81.0,0.5
1049875512,382484632,414688513.0,11142.79,2.566,13.399999999999975,0.0,178.0,81.0,0.5
1049875520,382482916,414690035.0,11162.89,2.594,14.200000000000044,0.0,176.0,81.0,0.5
1049875522,382482407,414690282.0,11168.0,2.603,14.799999999999956,0.0,176.0,80.0,0.5
1049875529,382480495,414690344.0,11186.2,2.613,16.799999999999955,0.0,177.0,81.0,0.5
1049875535,382479153,414689182.0,11201.91,2.641,17.399999999999977,0.0,176.0,82.0,0.5
1049875540,382477736,414689438.0,11215.45,2.65,17.399999999999977,0.0,176.0,81.0,0.5
1049875547,382475678,414690116.0,11235.98,2.697,17.799999999999955,0.0,175.0,82.0,0.5
1049875554,382473717,414688866.0,11256.75,2.753,17.600000000000023,0.0,175.0,81.0,0.5
1049875562,382471567,414687421.0,11279.78,2.809,14.600000000000025,0.0,175.0,81.0,0.5
1049875564,382470998,414687026.0,11285.92,2.818,14.0,0.0,176.0,82.0,0.5
1049875570,382469341,414686532.0,11302.27,2.846,13.0,0.0,176.0,80.0,0.5
1049875575,382468434,414687433.0,11313.93,2.846,13.200000000000044,0.0,176.0,77.0,0.5
1049875580,382469183,414688727.0,11326.46,2.799,13.200000000000044,0.0,176.0,80.0,0.5
1049875586,382471177,414689935.0,11347.0,2.771,12.799999999999956,0.0,175.0,81.0,0.5
1049875587,382471480,414690139.0,11350.25,2.762,12.799999999999956,0.0,175.0,81.0,0.5
1049875594,382473291,414691763.0,11371.47,2.967,12.600000000000025,0.0,176.0,81.0,0.5
1049875596,382473847,414692190.0,11377.65,2.976,12.799999999999956,0.0,176.0,82.0,0.5
1049875603,382475755,414693661.0,11398.89,3.088,14.200000000000044,0.0,177.0,81.0,0.5
1049875605,382476351,414694147.0,11405.63,3.135,14.799999999999956,0.0,177.0,82.0,0.5
1049875612,382477971,414696050.0,11427.0,3.182,15.799999999999956,0.0,178.0,83.0,0.5
1049875613,382478196,414696339.0,11430.1,3.2,15.799999999999956,0.0,178.0,83.0,0.5
1049875620,382479544,414698633.0,11452.22,3.219,16.600000000000023,0.0,179.0,82.0,0.5
1049875621,382479655,414698973.0,11455.1,3.21,16.799999999999955,0.0,179.0,82.0,0.5
1049875626,382479809,414700859.0,11470.39,3.154,17.200000000000045,0.0,179.0,82.0,0.5
1049875632,382480138,414703241.0,11489.54,3.163,18.600000000000023,0.0,178.0,82.0,0.5
1049875639,382479779,414705893.0,11511.19,3.182,19.0,0.0,179.0,82.0,0.5
1049875640,382479538,414706082.0,11513.88,3.191,19.0,0.0,179.0,82.0,0.5
1049875643,382478592,414706200.0,11522.75,3.191,19.600000000000023,0.0,179.0,82.0,0.5
1049875649,382476467,414705586.0,11543.09,3.191,20.600000000000023,0.0,181.0,82.0,0.5
1049875651,382475767,414705459.0,11549.68,3.191,20.600000000000023,0.0,181.0,82.0,0.5
1049875658,382473317,414705036.0,11572.76,3.228,19.399999999999977,0.0,181.0,82.0,0.5
1049875659,382472963,414705022.0,11576.04,3.228,19.200000000000045,0.0,181.0,83.0,0.0
1049875666,382470535,414704792.0,11598.67,3.256,17.799999999999955,0.0,181.0,82.0,0.5
1049875669,382469539,414704675.0,11607.97,3.266,17.799999999999955,0.0,181.0,84.0,0.5
1049875676,382467201,414704512.0,11629.72,3.238,17.399999999999977,0.0,181.0,83.0,0.5
1049875679,382466325,414704394.0,11637.91,3.238,17.0,0.0,180.0,83.0,0.5
1049875680,382466035,414704461.0,11640.64,3.228,17.0,0.0,180.0,82.0,0.5
1049875682,382465614,414704931.0,11646.16,3.219,16.600000000000023,0.0,180.0,82.0,0.5
1049875683,382465540,414705262.0,11648.85,3.21,16.399999999999977,0.0,180.0,82.0,0.5
1049875690,382465676,414707766.0,11668.79,3.154,16.799999999999955,0.0,179.0,80.0,0.5
1049875698,382466106,414710576.0,11691.4,3.126,19.200000000000045,0.0,179.0,81.0,0.5
1049875699,382466172,414710895.0,11694.0,3.116,19.399999999999977,0.0,179.0,82.0,0.5
1049875706,382466511,414713408.0,11714.16,3.088,21.600000000000023,0.0,181.0,82.0,0.5
1049875707,382466566,414713746.0,11716.88,3.079,21.799999999999955,0.0,181.0,82.0,0.5
1049875715,382466981,414716549.0,11739.42,3.06,23.399999999999977,0.0,181.0,82.0,0.5
1049875717,382467027,414717232.0,11744.84,3.051,24.0,0.0,181.0,81.0,0.5
1049875725,382467127,414719727.0,11764.65,3.014,26.200000000000045,0.0,180.0,81.0,0.5
1049875732,382467714,414722258.0,11785.47,2.818,27.0,0.0,179.0,81.0,0.5
1049875735,382467918,414723317.0,11794.07,2.678,27.799999999999955,0.0,179.0,82.0,0.5
1049875742,382467915,414725879.0,11814.36,2.865,28.600000000000023,0.0,179.0,82.0,0.5
1049875744,382468035,414726641.0,11820.5,2.865,28.600000000000023,0.0,179.0,81.0,0.5
1049875751,382468749,414729098.0,11841.09,2.865,28.0,0.0,180.0,81.0,0.5
1049875752,382468874,414729448.0,11844.08,2.874,28.0,0.0,180.0,81.0,0.5
1049875759,382470009,414731760.0,11865.23,2.883,28.799999999999955,0.0,180.0,81.0,0.5
1049875761,382470413,414732387.0,11871.46,2.902,29.0,0.0,180.0,81.0,0.5
1049875768,382471610,414734690.0,11892.82,2.958,29.799999999999955,0.0,179.0,82.0,0.5
1049875770,382471987,414735398.0,11899.42,2.967,29.799999999999955,0.0,179.0,83.0,0.5
1049875777,382473334,414737648.0,11921.15,3.004,30.0,0.0,179.0,82.0,0.5
1049875785,382474426,414740138.0,11943.36,2.995,31.0,0.0,179.0,82.0,0.5
1049875792,382475526,414742506.0,11964.73,2.958,30.399999999999977,0.0,179.0,82.0,0.5
1049875794,382475749,414743202.0,11970.63,2.958,29.799999999999955,0.0,178.0,81.0,0.5
1049875801,382476099,414745982.0,11992.96,2.976,26.799999999999955,0.0,179.0,81.0,0.5
1049875804,382476046,414747157.0,12002.16,2.986,26.0,0.0,179.0,81.0,0.5
1049875811,382476206,414749771.0,12022.97,3.004,27.399999999999977,0.0,179.0,82.0,0.5
1049875815,382476471,414751183.0,12034.41,3.014,27.799999999999955,0.0,179.0,81.0,0.5
1049875822,382477272,414753719.0,12055.86,3.032,28.600000000000023,0.0,179.0,81.0,0.5
1049875826,382478068,414754937.0,12068.01,3.042,28.600000000000023,0.0,180.0,82.0,0.5
1049875834,382479457,414757310.0,12090.84,3.032,29.799999999999955,0.0,181.0,81.0,0.5
1049875835,382479637,414757607.0,12093.72,3.032,30.0,0.0,181.0,81.0,0.5
1049875843,382481111,414759668.0,12115.11,3.004,30.0,0.0,180.0,80.0,0.5
1049875851,382482516,414761950.0,12137.44,2.967,29.799999999999955,0.0,180.0,81.0,0.5
1049875852,382482701,414762255.0,12140.39,2.967,29.799999999999955,0.0,180.0,82.0,0.5
1049875859,382483900,414764452.0,12161.07,2.939,29.0,0.0,179.0,81.0,0.5
1049875862,382484511,414765357.0,12170.2,2.939,28.799999999999955,0.0,179.0,81.0,0.5
1049875869,382486037,414767533.0,12192.51,2.939,28.399999999999977,0.0,180.0,82.0,0.5
1049875874,382487081,414769196.0,12208.88,2.948,28.399999999999977,0.0,180.0,84.0,0.5
1049875881,382488203,414771055.0,12226.9,2.958,28.600000000000023,0.0,181.0,83.0,0.5
1049875887,382489441,414772970.0,12245.94,2.948,29.600000000000023,0.0,181.0,82.0,0.5
1049875894,382490877,414775096.0,12267.44,2.958,30.600000000000023,0.0,181.0,83.0,0.0
1049875896,382491164,414775696.0,12272.84,2.967,30.600000000000023,0.0,181.0,83.0,0.5
1049875903,382492418,414777889.0,12293.73,2.958,30.799999999999955,0.0,181.0,81.0,0.5
1049875904,382492624,414778168.0,12296.61,2.958,31.0,0.0,182.0,83.0,0.5
1049875912,382493992,414780494.0,12319.0,2.939,32.200000000000045,0.0,182.0,82.0,0.5
1049875914,382494325,414781081.0,12324.57,2.939,32.39999999999998,0.0,182.0,82.0,0.5
1049875922,382495555,414783343.0,12345.77,2.921,34.200000000000045,0.0,182.0,82.0,0.5
1049875925,382496078,414784307.0,12354.81,2.911,34.39999999999998,0.0,182.0,82.0,0.5
1049875932,382497487,414786696.0,12377.8,2.911,35.200000000000045,0.0,182.0,82.0,0.5
1049875935,382497953,414787784.0,12387.43,2.921,35.60000000000002,0.0,182.0,82.0,0.5
1049875942,382498947,414790252.0,12408.98,2.958,35.799999999999955,0.0,183.0,83.0,0.5
1049875944,382499121,414790975.0,12414.92,2.967,35.799999999999955,0.0,183.0,82.0,0.5
1049875951,382499803,414793491.0,12435.81,2.986,35.39999999999998,0.0,184.0,82.0,0.5
1049875956,382500061,414794841.0,12446.8,2.986,35.39999999999998,0.0,184.0,83.0,0.5
1049875963,382500558,414797455.0,12468.03,2.976,36.39999999999998,0.0,184.0,82.0,0.5
1049875965,382500905,414798260.0,12474.97,2.967,37.200000000000045,0.0,184.0,82.0,0.5
1049875972,382501415,414800880.0,12495.98,2.967,39.60000000000002,0.0,184.0,83.0,0.5
1049875973,382501438,414801237.0,12498.8,2.967,40.0,0.0,184.0,82.0,0.5
1049875980,382501711,414803872.0,12519.82,2.958,45.39999999999998,0.0,184.0,83.0,0.5
1049875981,382501696,414804168.0,12522.15,2.958,46.39999999999998,0.0,184.0,82.0,0.5
1049875988,382502016,414806903.0,12543.99,2.948,51.200000000000045,0.0,182.0,82.0,0.5
1049875989,382502095,414807216.0,12546.53,2.948,51.60000000000002,0.0,182.0,82.0,0.5
1049875996,382502702,414810016.0,12569.05,2.976,54.79999999999996,0.0,182.0,82.0,0.5
1049876003,382502794,414812628.0,12589.59,2.986,58.60000000000002,0.0,182.0,82.0,0.5
1049876004,382502861,414812897.0,12591.7,2.986,58.79999999999996,0.0,182.0,83.0,0.0
1049876011,382503294,414815354.0,12611.48,2.986,59.200000000000045,0.0,181.0,81.0,0.5
1049876018,382503302,414818059.0,12632.88,2.986,62.79999999999996,0.0,180.0,82.0,0.5
1049876019,382503293,414818418.0,12635.69,2.986,63.200000000000045,0.0,180.0,82.0,0.5
1049876026,382503450,414820926.0,12655.74,2.986,66.20000000000005,0.0,180.0,81.0,0.5
1049876034,382503716,414823760.0,12678.37,2.976,70.79999999999995,0.0,180.0,82.0,0.5
1049876035,382503807,414824142.0,12681.49,2.976,71.20000000000005,0.0,180.0,82.0,0.5
1049876043,382503541,414826952.0,12703.93,2.967,71.0,0.0,181.0,82.0,0.5
1049876050,382504004,414829167.0,12722.02,2.939,70.39999999999998,0.0,180.0,82.0,0.5
1049876058,382504449,414831458.0,12740.66,2.818,67.0,0.0,179.0,82.0,0.5
1049876065,382504347,414833653.0,12757.96,2.51,63.60000000000002,0.0,177.0,81.0,0.5
1049876071,382504515,414836231.0,12778.52,2.613,62.60000000000002,0.0,178.0,81.0,0.5
1049876073,382504874,414837065.0,12785.97,2.547,62.39999999999998,0.0,178.0,82.0,0.5
1049876079,382505585,414839574.0,12807.03,2.51,58.200000000000045,0.0,178.0,82.0,0.5
1049876081,382505682,414840358.0,12813.22,2.473,56.60000000000002,0.0,178.0,82.0,0.5
1049876088,382505949,414842904.0,12832.95,2.566,56.200000000000045,0.0,178.0,82.0,0.5
1049876096,382506786,414845426.0,12854.43,2.566,55.200000000000045,0.0,179.0,83.0,0.5
1049876097,382506916,414845762.0,12857.33,2.566,55.0,0.0,179.0,82.0,0.5
1049876104,382508148,414847935.0,12877.95,2.725,53.0,0.0,181.0,83.0,0.5
1049876111,382508460,414850346.0,12898.43,2.771,48.79999999999996,0.0,181.0,82.0,0.5
1049876114,382507679,414851093.0,12907.87,2.753,47.79999999999996,0.0,181.0,81.0,0.5
1049876115,382507238,414851159.0,12912.0,2.753,47.39999999999998,0.0,181.0,81.0,0.5
1049876121,382505033,414851698.0,12932.78,2.781,47.0,0.0,181.0,81.0,0.5
1049876123,382504399,414852088.0,12939.48,2.781,47.200000000000045,0.0,181.0,82.0,0.5
1049876128,382503044,414852970.0,12953.92,2.781,49.79999999999996,0.0,181.0,82.0,0.5
1049876134,382501164,414853995.0,12973.19,2.734,50.79999999999996,0.0,180.0,82.0,0.5
1049876142,382499057,414855356.0,12995.54,2.687,54.39999999999998,0.0,179.0,81.0,0.5
1049876145,382498431,414855372.0,13001.26,2.687,54.79999999999996,0.0,180.0,83.0,0.5
1049876147,382497889,414854856.0,13007.34,2.519,54.200000000000045,0.0,179.0,82.0,0.5
